ORIGIN,LANGUAGE,MARRIAGE_CATEGORY,SPOUSE_LANGUAGE,WEIGHTED_COUNT,UNWEIGHTED_N
Africa,English,3rd+ gen American,English/Not Reported,2005.31,71
Africa,English,Different origin,Celtic/Gaelic,118.85,2
Africa,English,Different origin,English,944.39,31
Africa,English,Different origin,French,19.86,1
Africa,English,Different origin,German,291.07,6
Africa,English,Different origin,Greek,125.91,2
Africa,English,Different origin,Norwegian,20.14,1
Africa,English,Different origin,Polish,19.98,1
Africa,English,Different origin,Russian,40.120000000000005,2
Africa,English,Different origin,Spanish,20.22,1
Africa,English,Different origin,Swedish,120.03999999999999,2
Africa,English,Different origin,Yiddish/Hebrew,133.01,2
Africa,English,Same heritage,English,444.1,14
Africa,French,3rd+ gen American,English/Not Reported,200.47,6
Africa,French,Different origin,English,19.96,1
Africa,French,Different origin,French,160.96,8
Africa,French,Different origin,German,40.45,2
Africa,French,Different origin,Italian,160.67000000000002,4
Africa,French,Different origin,Russian,100.6,1
Africa,French,Different origin,Swedish,20.32,1
Africa,Italian,3rd+ gen American,English/Not Reported,80.44,4
Africa,Italian,3rd+ gen American,French,102.34,1
Africa,Italian,Different origin,Italian,201.98,10
Africa,Italian,Same heritage,Italian,191.52,2
Africa,Other,3rd+ gen American,English/Not Reported,443.51,14
Africa,Other,Different origin,Celtic/Gaelic,102.48,1
Africa,Other,Different origin,Greek,20.1,1
Africa,Other,Different origin,Italian,98.51,1
Africa,Other,Different origin,Other,662.44,13
Africa,Other,Different origin,Russian,20.17,1
Africa,Other,Different origin,Yiddish/Hebrew,20.17,1
Africa,Other,Same heritage,Other,241.79999999999998,4
Africa,Yiddish/Hebrew,3rd+ gen American,English/Not Reported,40.13,2
Africa,Yiddish/Hebrew,Different origin,English,102.34,1
Africa,Yiddish/Hebrew,Different origin,Italian,102.34,1
Africa,Yiddish/Hebrew,Different origin,Lithuanian,19.87,1
Africa,Yiddish/Hebrew,Different origin,Yiddish/Hebrew,285.87,6
Albania,Albanian,3rd+ gen American,English/Not Reported,406.79,20
Albania,Albanian,Different origin,English,43.77,2
Albania,Albanian,Different origin,French,20.49,1
Albania,Albanian,Different origin,German,20.36,1
Albania,Albanian,Different origin,Greek,40.92,2
Albania,Albanian,Different origin,Italian,60.35,3
Albania,Albanian,Different origin,Lithuanian,19.87,1
Albania,Albanian,Different origin,Magyar,20.01,1
Albania,Albanian,Different origin,Polish,21.11,1
Albania,Albanian,Different origin,Slovak,20.42,1
Albania,Albanian,Different origin,Slovenian,20.56,1
Albania,Albanian,Same heritage,Albanian,3354.98,142
Asia Minor (unspecified),Armenian,3rd+ gen American,English/Not Reported,20.1,1
Asia Minor (unspecified),Armenian,Different origin,English,20.99,1
Asia Minor (unspecified),Armenian,Same heritage,Armenian,523.9,10
Atlantic Islands,English,3rd+ gen American,English/Not Reported,1375.71,16
Atlantic Islands,English,Different origin,English,126.07,2
Atlantic Islands,English,Same heritage,English,402.86,4
Atlantic Islands,Portuguese,3rd+ gen American,English/Not Reported,584.38,25
Atlantic Islands,Portuguese,Different origin,English,119.66,2
Atlantic Islands,Portuguese,Different origin,Portuguese,239.28,8
Atlantic Islands,Portuguese,Same heritage,Portuguese,2093.56,72
Australia/New Zealand,English,3rd+ gen American,English,59.97,3
Australia/New Zealand,English,3rd+ gen American,English/Not Reported,7927.49,270
Australia/New Zealand,English,Different origin,Celtic/Gaelic,486.96,8
Australia/New Zealand,English,Different origin,Chinese,20.04,1
Australia/New Zealand,English,Different origin,Danish,170.62,4
Australia/New Zealand,English,Different origin,English,3443.58,99
Australia/New Zealand,English,Different origin,Finnish,20.52,1
Australia/New Zealand,English,Different origin,German,279.6,10
Australia/New Zealand,English,Different origin,Italian,20.16,1
Australia/New Zealand,English,Different origin,Magyar,60.99,3
Australia/New Zealand,English,Different origin,Norwegian,145.95999999999998,3
Australia/New Zealand,English,Different origin,Other,20.11,1
Australia/New Zealand,English,Different origin,Polish,105.77,1
Australia/New Zealand,English,Different origin,Serbian/Croatian,20.15,1
Australia/New Zealand,English,Different origin,Slovak,20.46,1
Australia/New Zealand,English,Different origin,Spanish,240.28,4
Australia/New Zealand,English,Different origin,Swedish,20.23,1
Australia/New Zealand,English,Different origin,Yiddish/Hebrew,40.099999999999994,2
Australia/New Zealand,English,Same heritage,English,2978.9,84
Austria,Czech,3rd+ gen American,English,105.77,1
Austria,Czech,3rd+ gen American,English/Not Reported,26502.48,320
Austria,Czech,Different origin,Celtic/Gaelic,119.99,2
Austria,Czech,Different origin,Czech,1861.76,45
Austria,Czech,Different origin,Danish,100.0,1
Austria,Czech,Different origin,English,445.18,6
Austria,Czech,Different origin,German,3860.09,49
Austria,Czech,Different origin,Greek,120.48,2
Austria,Czech,Different origin,Italian,206.11,2
Austria,Czech,Different origin,Magyar,302.0,3
Austria,Czech,Different origin,Norwegian,101.0,1
Austria,Czech,Different origin,Other,100.0,1
Austria,Czech,Different origin,Polish,616.29,7
Austria,Czech,Different origin,Russian,219.99,3
Austria,Czech,Different origin,Slovak,201.0,2
Austria,Czech,Different origin,Swedish,238.45,4
Austria,Czech,Different origin,Yiddish/Hebrew,101.0,1
Austria,Czech,Same heritage,Czech,113196.32,1180
Austria,Czech,Same heritage,German,1164.07,14
Austria,Czech,Same heritage,Magyar,140.44,3
Austria,Czech,Same heritage,Other,100.0,1
Austria,Czech,Same heritage,Polish,300.18,3
Austria,Czech,Same heritage,Ruthenian,20.11,1
Austria,Czech,Same heritage,Serbian/Croatian,401.0,4
Austria,Czech,Same heritage,Slovak,102.87,1
Austria,Czech,Same heritage,Slovenian,300.0,3
Austria,English,3rd+ gen American,English/Not Reported,2380.21,34
Austria,English,Different origin,Celtic/Gaelic,98.39,1
Austria,English,Different origin,English,1499.81,19
Austria,English,Different origin,German,335.68,4
Austria,English,Different origin,Norwegian,97.48,1
Austria,English,Different origin,Yiddish/Hebrew,40.120000000000005,2
Austria,English,Same heritage,English,1012.2,20
Austria,English,Same heritage,German,112.92,2
Austria,German,3rd+ gen American,English/Not Reported,68292.68,1956
Austria,German,3rd+ gen American,German,140.06,3
Austria,German,Different origin,Armenian,20.14,1
Austria,German,Different origin,Celtic/Gaelic,353.4,5
Austria,German,Different origin,Czech,1396.47,44
Austria,German,Different origin,Danish,580.43,13
Austria,German,Different origin,Dutch/Flemish,424.53,9
Austria,German,Different origin,English,3528.15,99
Austria,German,Different origin,French,1491.55,38
Austria,German,Different origin,German,49507.96,1169
Austria,German,Different origin,Greek,550.59,15
Austria,German,Different origin,Italian,1694.42,60
Austria,German,Different origin,Latvian,141.09,3
Austria,German,Different origin,Lithuanian,142.23000000000002,7
Austria,German,Different origin,Magyar,4557.19,117
Austria,German,Different origin,Norwegian,388.88,7
Austria,German,Different origin,Other,464.93,15
Austria,German,Different origin,Polish,3059.8,90
Austria,German,Different origin,Romanian,1211.23,36
Austria,German,Different origin,Russian,7585.23,191
Austria,German,Different origin,Ruthenian,121.53,6
Austria,German,Different origin,Serbian/Croatian,860.24,19
Austria,German,Different origin,Slovak,938.53,26
Austria,German,Different origin,Slovenian,492.27,13
Austria,German,Different origin,Spanish,183.07,9
Austria,German,Different origin,Swedish,900.46,20
Austria,German,Different origin,Yiddish/Hebrew,3743.59,130
Austria,German,Same heritage,Czech,1164.07,14
Austria,German,Same heritage,English,112.92,2
Austria,German,Same heritage,German,217056.44,5320
Austria,German,Same heritage,Italian,101.0,1
Austria,German,Same heritage,Magyar,444.49,11
Austria,German,Same heritage,Other,122.9,2
Austria,German,Same heritage,Polish,824.13,13
Austria,German,Same heritage,Russian,100.29,5
Austria,German,Same heritage,Ruthenian,120.36000000000001,2
Austria,German,Same heritage,Serbian/Croatian,321.05,8
Austria,German,Same heritage,Slovak,414.31,9
Austria,German,Same heritage,Slovenian,261.07,5
Austria,German,Same heritage,Yiddish/Hebrew,617.41,23
Austria,Greek,3rd+ gen American,English/Not Reported,39.32,2
Austria,Greek,Different origin,English,100.0,1
Austria,Greek,Different origin,German,20.46,1
Austria,Greek,Different origin,Polish,39.870000000000005,2
Austria,Greek,Same heritage,Greek,1206.26,20
Austria,Italian,3rd+ gen American,English/Not Reported,854.79,23
Austria,Italian,Different origin,Celtic/Gaelic,20.52,1
Austria,Italian,Different origin,Czech,19.91,1
Austria,Italian,Different origin,French,145.28,3
Austria,Italian,Different origin,German,140.29,3
Austria,Italian,Different origin,Italian,743.13,16
Austria,Italian,Different origin,Portuguese,19.52,1
Austria,Italian,Different origin,Slovenian,20.3,1
Austria,Italian,Same heritage,German,101.0,1
Austria,Italian,Same heritage,Italian,9187.3,164
Austria,Italian,Same heritage,Slovenian,101.0,1
Austria,Latvian,3rd+ gen American,English/Not Reported,102.7,1
Austria,Latvian,Different origin,Latvian,40.08,2
Austria,Latvian,Different origin,Other,20.06,1
Austria,Latvian,Different origin,Polish,20.5,1
Austria,Latvian,Same heritage,Latvian,1097.24,14
Austria,Lithuanian,Different origin,Italian,100.6,1
Austria,Lithuanian,Different origin,Polish,20.51,1
Austria,Lithuanian,Same heritage,Lithuanian,1121.4,16
Austria,Magyar,3rd+ gen American,English/Not Reported,4972.24,147
Austria,Magyar,Different origin,Celtic/Gaelic,19.35,1
Austria,Magyar,Different origin,Czech,100.78,5
Austria,Magyar,Different origin,Danish,20.14,1
Austria,Magyar,Different origin,English,60.540000000000006,3
Austria,Magyar,Different origin,German,762.98,18
Austria,Magyar,Different origin,Greek,20.08,1
Austria,Magyar,Different origin,Italian,40.230000000000004,2
Austria,Magyar,Different origin,Latvian,20.74,1
Austria,Magyar,Different origin,Lithuanian,20.35,1
Austria,Magyar,Different origin,Magyar,1546.75,37
Austria,Magyar,Different origin,Other,60.17,3
Austria,Magyar,Different origin,Polish,460.41,11
Austria,Magyar,Different origin,Portuguese,101.1,1
Austria,Magyar,Different origin,Romanian,20.3,1
Austria,Magyar,Different origin,Russian,385.53000000000003,11
Austria,Magyar,Different origin,Serbian/Croatian,40.12,2
Austria,Magyar,Different origin,Slovak,199.38,2
Austria,Magyar,Different origin,Slovenian,41.0,2
Austria,Magyar,Different origin,Spanish,40.3,2
Austria,Magyar,Different origin,Yiddish/Hebrew,262.38,9
Austria,Magyar,Same heritage,Czech,140.44,3
Austria,Magyar,Same heritage,German,444.49,11
Austria,Magyar,Same heritage,Magyar,42734.54,814
Austria,Magyar,Same heritage,Other,20.08,1
Austria,Magyar,Same heritage,Polish,100.0,1
Austria,Magyar,Same heritage,Romanian,19.99,1
Austria,Magyar,Same heritage,Ruthenian,100.0,1
Austria,Magyar,Same heritage,Serbian/Croatian,141.84,3
Austria,Magyar,Same heritage,Slovak,428.04,6
Austria,Magyar,Same heritage,Slovenian,222.02,3
Austria,Magyar,Same heritage,Yiddish/Hebrew,139.57999999999998,3
Austria,Other,3rd+ gen American,English/Not Reported,1093.5,34
Austria,Other,Different origin,German,142.04,3
Austria,Other,Different origin,Magyar,40.66,2
Austria,Other,Different origin,Other,1615.57,36
Austria,Other,Different origin,Polish,139.84,3
Austria,Other,Different origin,Russian,221.23999999999998,3
Austria,Other,Different origin,Serbian/Croatian,20.08,1
Austria,Other,Different origin,Slovak,20.14,1
Austria,Other,Different origin,Yiddish/Hebrew,60.63,3
Austria,Other,Same heritage,Czech,100.0,1
Austria,Other,Same heritage,German,122.9,2
Austria,Other,Same heritage,Magyar,20.08,1
Austria,Other,Same heritage,Other,12483.58,216
Austria,Other,Same heritage,Russian,20.02,1
Austria,Other,Same heritage,Serbian/Croatian,121.06,2
Austria,Other,Same heritage,Slovak,326.38,4
Austria,Other,Same heritage,Yiddish/Hebrew,20.74,1
Austria,Polish,3rd+ gen American,English/Not Reported,6800.14,124
Austria,Polish,Different origin,Czech,20.75,1
Austria,Polish,Different origin,English,60.72,3
Austria,Polish,Different origin,German,1230.89,17
Austria,Polish,Different origin,Greek,344.26,5
Austria,Polish,Different origin,Italian,543.74,7
Austria,Polish,Different origin,Latvian,19.96,1
Austria,Polish,Different origin,Lithuanian,338.3,5
Austria,Polish,Different origin,Magyar,472.73,12
Austria,Polish,Different origin,Polish,12027.74,158
Austria,Polish,Different origin,Romanian,545.82,11
Austria,Polish,Different origin,Russian,1491.83,34
Austria,Polish,Different origin,Ruthenian,19.87,1
Austria,Polish,Different origin,Serbian/Croatian,121.78,2
Austria,Polish,Different origin,Slovak,121.03999999999999,2
Austria,Polish,Different origin,Swedish,100.0,1
Austria,Polish,Different origin,Yiddish/Hebrew,746.31,13
Austria,Polish,Same heritage,Czech,300.18,3
Austria,Polish,Same heritage,German,824.13,13
Austria,Polish,Same heritage,Magyar,100.0,1
Austria,Polish,Same heritage,Polish,153957.1,1718
Austria,Polish,Same heritage,Russian,100.9,1
Austria,Polish,Same heritage,Ruthenian,462.86,7
Austria,Polish,Same heritage,Slovak,553.21,7
Austria,Polish,Same heritage,Slovenian,202.0,2
Austria,Polish,Same heritage,Yiddish/Hebrew,19.96,1
Austria,Romanian,3rd+ gen American,English/Not Reported,82.50999999999999,4
Austria,Romanian,Different origin,Magyar,121.41,2
Austria,Romanian,Different origin,Polish,100.0,1
Austria,Romanian,Different origin,Romanian,40.260000000000005,2
Austria,Romanian,Different origin,Russian,19.96,1
Austria,Romanian,Different origin,Ruthenian,20.3,1
Austria,Romanian,Same heritage,Magyar,19.99,1
Austria,Romanian,Same heritage,Romanian,3206.84,38
Austria,Russian,3rd+ gen American,English/Not Reported,1575.09,46
Austria,Russian,Different origin,Celtic/Gaelic,100.0,1
Austria,Russian,Different origin,German,81.08,4
Austria,Russian,Different origin,Italian,20.08,1
Austria,Russian,Different origin,Lithuanian,20.18,1
Austria,Russian,Different origin,Other,101.1,1
Austria,Russian,Different origin,Polish,160.14000000000001,8
Austria,Russian,Different origin,Romanian,20.17,1
Austria,Russian,Different origin,Russian,1566.42,42
Austria,Russian,Different origin,Serbian/Croatian,20.51,1
Austria,Russian,Different origin,Slovak,59.519999999999996,3
Austria,Russian,Different origin,Swedish,20.41,1
Austria,Russian,Different origin,Yiddish/Hebrew,20.04,1
Austria,Russian,Same heritage,German,100.29,5
Austria,Russian,Same heritage,Other,20.02,1
Austria,Russian,Same heritage,Polish,100.9,1
Austria,Russian,Same heritage,Russian,20754.7,360
Austria,Russian,Same heritage,Ruthenian,199.68,2
Austria,Russian,Same heritage,Slovak,227.44,3
Austria,Ruthenian,3rd+ gen American,English/Not Reported,702.78,15
Austria,Ruthenian,Different origin,Greek,19.93,1
Austria,Ruthenian,Different origin,Polish,60.82,3
Austria,Ruthenian,Different origin,Russian,121.11,6
Austria,Ruthenian,Different origin,Ruthenian,686.31,18
Austria,Ruthenian,Same heritage,Czech,20.11,1
Austria,Ruthenian,Same heritage,German,120.36000000000001,2
Austria,Ruthenian,Same heritage,Magyar,100.0,1
Austria,Ruthenian,Same heritage,Polish,462.86,7
Austria,Ruthenian,Same heritage,Russian,199.68,2
Austria,Ruthenian,Same heritage,Ruthenian,11946.78,250
Austria,Ruthenian,Same heritage,Slovak,199.43,2
Austria,Serbian/Croatian,3rd+ gen American,English/Not Reported,1254.3,35
Austria,Serbian/Croatian,Different origin,Czech,119.7,2
Austria,Serbian/Croatian,Different origin,Dutch/Flemish,20.3,1
Austria,Serbian/Croatian,Different origin,English,240.58,4
Austria,Serbian/Croatian,Different origin,German,202.58,6
Austria,Serbian/Croatian,Different origin,Greek,101.25,1
Austria,Serbian/Croatian,Different origin,Magyar,261.48,5
Austria,Serbian/Croatian,Different origin,Polish,343.3,5
Austria,Serbian/Croatian,Different origin,Russian,19.53,1
Austria,Serbian/Croatian,Different origin,Serbian/Croatian,1164.6,22
Austria,Serbian/Croatian,Different origin,Slovak,20.5,1
Austria,Serbian/Croatian,Same heritage,Czech,401.0,4
Austria,Serbian/Croatian,Same heritage,German,321.05,8
Austria,Serbian/Croatian,Same heritage,Magyar,141.84,3
Austria,Serbian/Croatian,Same heritage,Other,121.06,2
Austria,Serbian/Croatian,Same heritage,Serbian/Croatian,34735.14,452
Austria,Serbian/Croatian,Same heritage,Slovak,100.0,1
Austria,Serbian/Croatian,Same heritage,Slovenian,101.0,1
Austria,Slovak,3rd+ gen American,English/Not Reported,7810.25,120
Austria,Slovak,Different origin,Czech,124.49,2
Austria,Slovak,Different origin,Dutch/Flemish,120.45,2
Austria,Slovak,Different origin,French,20.08,1
Austria,Slovak,Different origin,German,316.94,4
Austria,Slovak,Different origin,Greek,206.83999999999997,2
Austria,Slovak,Different origin,Italian,361.94,6
Austria,Slovak,Different origin,Latvian,89.27,1
Austria,Slovak,Different origin,Lithuanian,196.25,2
Austria,Slovak,Different origin,Magyar,119.19999999999999,2
Austria,Slovak,Different origin,Other,20.58,1
Austria,Slovak,Different origin,Polish,574.46,9
Austria,Slovak,Different origin,Russian,160.22,4
Austria,Slovak,Different origin,Serbian/Croatian,19.74,1
Austria,Slovak,Different origin,Slovak,1494.67,22
Austria,Slovak,Same heritage,Albanian,20.03,1
Austria,Slovak,Same heritage,Czech,102.87,1
Austria,Slovak,Same heritage,German,414.31,9
Austria,Slovak,Same heritage,Magyar,428.04,6
Austria,Slovak,Same heritage,Other,326.38,4
Austria,Slovak,Same heritage,Polish,553.21,7
Austria,Slovak,Same heritage,Russian,227.44,3
Austria,Slovak,Same heritage,Ruthenian,199.43,2
Austria,Slovak,Same heritage,Serbian/Croatian,100.0,1
Austria,Slovak,Same heritage,Slovak,99505.98,1162
Austria,Slovak,Same heritage,Slovenian,298.51,3
Austria,Slovenian,3rd+ gen American,English/Not Reported,2405.12,39
Austria,Slovenian,Different origin,English,20.5,1
Austria,Slovenian,Different origin,German,812.22,9
Austria,Slovenian,Different origin,Italian,121.3,2
Austria,Slovenian,Different origin,Polish,200.0,2
Austria,Slovenian,Different origin,Russian,119.87,2
Austria,Slovenian,Different origin,Serbian/Croatian,120.0,2
Austria,Slovenian,Different origin,Slovak,19.97,1
Austria,Slovenian,Different origin,Slovenian,264.40999999999997,9
Austria,Slovenian,Same heritage,Czech,300.0,3
Austria,Slovenian,Same heritage,German,261.07,5
Austria,Slovenian,Same heritage,Italian,101.0,1
Austria,Slovenian,Same heritage,Magyar,222.02,3
Austria,Slovenian,Same heritage,Polish,202.0,2
Austria,Slovenian,Same heritage,Serbian/Croatian,101.0,1
Austria,Slovenian,Same heritage,Slovak,298.51,3
Austria,Slovenian,Same heritage,Slovenian,59032.86,680
Austria,Swedish,3rd+ gen American,English/Not Reported,226.31,3
Austria,Swedish,Same heritage,Swedish,463.54,6
Austria,Yiddish/Hebrew,3rd+ gen American,English/Not Reported,12815.23,444
Austria,Yiddish/Hebrew,3rd+ gen American,Yiddish/Hebrew,20.04,1
Austria,Yiddish/Hebrew,Different origin,Czech,101.0,1
Austria,Yiddish/Hebrew,Different origin,Dutch/Flemish,20.17,1
Austria,Yiddish/Hebrew,Different origin,English,480.3,16
Austria,Yiddish/Hebrew,Different origin,Finnish,40.11,2
Austria,Yiddish/Hebrew,Different origin,French,20.3,1
Austria,Yiddish/Hebrew,Different origin,German,1121.34,24
Austria,Yiddish/Hebrew,Different origin,Italian,141.07,3
Austria,Yiddish/Hebrew,Different origin,Magyar,1023.84,27
Austria,Yiddish/Hebrew,Different origin,Other,100.62,5
Austria,Yiddish/Hebrew,Different origin,Polish,920.85,26
Austria,Yiddish/Hebrew,Different origin,Romanian,599.07,18
Austria,Yiddish/Hebrew,Different origin,Russian,1176.93,30
Austria,Yiddish/Hebrew,Different origin,Spanish,19.96,1
Austria,Yiddish/Hebrew,Different origin,Yiddish/Hebrew,40399.36,1057
Austria,Yiddish/Hebrew,Same heritage,German,617.41,23
Austria,Yiddish/Hebrew,Same heritage,Magyar,139.57999999999998,3
Austria,Yiddish/Hebrew,Same heritage,Other,20.74,1
Austria,Yiddish/Hebrew,Same heritage,Polish,19.96,1
Austria,Yiddish/Hebrew,Same heritage,Yiddish/Hebrew,147717.4,3260
Belgium,Dutch/Flemish,3rd+ gen American,English,60.489999999999995,3
Belgium,Dutch/Flemish,3rd+ gen American,English/Not Reported,14471.38,391
Belgium,Dutch/Flemish,Different origin,Celtic/Gaelic,220.41,3
Belgium,Dutch/Flemish,Different origin,Danish,60.08,3
Belgium,Dutch/Flemish,Different origin,Dutch/Flemish,2133.02,58
Belgium,Dutch/Flemish,Different origin,English,1272.07,31
Belgium,Dutch/Flemish,Different origin,French,1821.9,38
Belgium,Dutch/Flemish,Different origin,German,2096.5,37
Belgium,Dutch/Flemish,Different origin,Greek,60.010000000000005,3
Belgium,Dutch/Flemish,Different origin,Italian,80.81,4
Belgium,Dutch/Flemish,Different origin,Norwegian,159.51,4
Belgium,Dutch/Flemish,Different origin,Polish,81.27,4
Belgium,Dutch/Flemish,Different origin,Romanian,20.33,1
Belgium,Dutch/Flemish,Different origin,Russian,160.83,4
Belgium,Dutch/Flemish,Different origin,Serbian/Croatian,20.3,1
Belgium,Dutch/Flemish,Different origin,Slovak,20.25,1
Belgium,Dutch/Flemish,Different origin,Spanish,140.2,3
Belgium,Dutch/Flemish,Different origin,Swedish,263.93,5
Belgium,Dutch/Flemish,Different origin,Yiddish/Hebrew,40.94,2
Belgium,Dutch/Flemish,Same heritage,Dutch/Flemish,55339.16,1460
Belgium,Dutch/Flemish,Same heritage,French,301.4,7
Belgium,Dutch/Flemish,Same heritage,German,20.15,1
Belgium,English,3rd+ gen American,English/Not Reported,261.33,9
Belgium,English,Different origin,English,101.09,5
Belgium,English,Different origin,French,20.04,1
Belgium,English,Different origin,German,105.04,1
Belgium,English,Different origin,Swedish,20.24,1
Belgium,English,Same heritage,English,200.0,2
Belgium,Finnish,3rd+ gen American,English/Not Reported,100.0,1
Belgium,Finnish,Same heritage,Finnish,602.0,6
Belgium,French,3rd+ gen American,English/Not Reported,7485.87,229
Belgium,French,Different origin,Celtic/Gaelic,223.24,3
Belgium,French,Different origin,Czech,20.18,1
Belgium,French,Different origin,Danish,200.18,2
Belgium,French,Different origin,Dutch/Flemish,398.57,8
Belgium,French,Different origin,English,766.56,18
Belgium,French,Different origin,French,2778.56,79
Belgium,French,Different origin,German,1130.8,20
Belgium,French,Different origin,Greek,40.82,2
Belgium,French,Different origin,Italian,421.8,13
Belgium,French,Different origin,Norwegian,40.16,2
Belgium,French,Different origin,Other,20.23,1
Belgium,French,Different origin,Polish,20.3,1
Belgium,French,Different origin,Slovak,20.21,1
Belgium,French,Different origin,Spanish,100.0,1
Belgium,French,Different origin,Swedish,20.4,1
Belgium,French,Same heritage,Dutch/Flemish,301.4,7
Belgium,French,Same heritage,French,17201.76,424
Belgium,French,Same heritage,German,120.32,2
Belgium,French,Same heritage,Greek,100.25,1
Belgium,German,3rd+ gen American,English/Not Reported,1127.48,40
Belgium,German,Different origin,English,121.2,6
Belgium,German,Different origin,French,39.82,2
Belgium,German,Different origin,German,294.4,11
Belgium,German,Different origin,Italian,20.17,1
Belgium,German,Different origin,Polish,41.11,2
Belgium,German,Different origin,Spanish,100.6,1
Belgium,German,Same heritage,Dutch/Flemish,20.15,1
Belgium,German,Same heritage,French,120.32,2
Belgium,German,Same heritage,German,761.2,30
Bulgaria,Latvian,3rd+ gen American,English/Not Reported,1616.8,64
Bulgaria,Latvian,Different origin,Armenian,19.87,1
Bulgaria,Latvian,Different origin,Celtic/Gaelic,103.62,1
Bulgaria,Latvian,Different origin,Czech,39.93,2
Bulgaria,Latvian,Different origin,English,100.86,5
Bulgaria,Latvian,Different origin,German,292.47,6
Bulgaria,Latvian,Different origin,Greek,100.0,1
Bulgaria,Latvian,Different origin,Italian,20.32,1
Bulgaria,Latvian,Different origin,Latvian,161.23,8
Bulgaria,Latvian,Different origin,Magyar,61.39,3
Bulgaria,Latvian,Different origin,Polish,100.64,5
Bulgaria,Latvian,Different origin,Romanian,61.39,3
Bulgaria,Latvian,Different origin,Russian,20.41,1
Bulgaria,Latvian,Different origin,Serbian/Croatian,80.74000000000001,4
Bulgaria,Latvian,Different origin,Spanish,20.62,1
Bulgaria,Latvian,Different origin,Yiddish/Hebrew,20.3,1
Bulgaria,Latvian,Same heritage,Latvian,2465.18,90
Canada,Celtic/Gaelic,3rd+ gen American,English,20.3,1
Canada,Celtic/Gaelic,3rd+ gen American,English/Not Reported,25487.09,284
Canada,Celtic/Gaelic,Different origin,Celtic/Gaelic,2444.27,30
Canada,Celtic/Gaelic,Different origin,English,1760.99,20
Canada,Celtic/Gaelic,Different origin,German,1562.27,17
Canada,Celtic/Gaelic,Different origin,Greek,20.5,1
Canada,Celtic/Gaelic,Different origin,Italian,21.11,1
Canada,Celtic/Gaelic,Different origin,Swedish,100.0,1
Canada,Celtic/Gaelic,Same heritage,Celtic/Gaelic,12339.88,134
Canada,Celtic/Gaelic,Same heritage,English,4447.79,52
Canada,Celtic/Gaelic,Same heritage,French,1040.73,11
Canada,Celtic/Gaelic,Same heritage,German,440.87,6
Canada,Dutch/Flemish,3rd+ gen American,English/Not Reported,281.81,6
Canada,Dutch/Flemish,Different origin,Dutch/Flemish,20.04,1
Canada,Dutch/Flemish,Same heritage,English,198.78,2
Canada,Dutch/Flemish,Same heritage,German,100.0,1
Canada,English,3rd+ gen American,Celtic/Gaelic,100.0,1
Canada,English,3rd+ gen American,Czech,100.18,1
Canada,English,3rd+ gen American,English,2686.2,121
Canada,English,3rd+ gen American,English/Not Reported,785075.54,18855
Canada,English,3rd+ gen American,French,81.38,4
Canada,English,3rd+ gen American,German,362.83,6
Canada,English,3rd+ gen American,Italian,20.3,1
Canada,English,Different origin,Albanian,43.77,2
Canada,English,Different origin,Armenian,61.43,3
Canada,English,Different origin,Celtic/Gaelic,10252.28,165
Canada,English,Different origin,Czech,341.62,9
Canada,English,Different origin,Danish,2118.11,54
Canada,English,Different origin,Dutch/Flemish,1479.95,29
Canada,English,Different origin,English,98963.29,2304
Canada,English,Different origin,Finnish,340.67,8
Canada,English,Different origin,French,1866.82,52
Canada,English,Different origin,German,15610.3,352
Canada,English,Different origin,Greek,224.08,7
Canada,English,Different origin,Italian,1215.29,36
Canada,English,Different origin,Japanese,40.6,2
Canada,English,Different origin,Latvian,20.18,1
Canada,English,Different origin,Lithuanian,40.03,2
Canada,English,Different origin,Magyar,218.60999999999999,7
Canada,English,Different origin,Norwegian,3244.71,71
Canada,English,Different origin,Other,421.64,13
Canada,English,Different origin,Polish,715.39,19
Canada,English,Different origin,Portuguese,345.79,5
Canada,English,Different origin,Romanian,119.39,6
Canada,English,Different origin,Russian,487.08,16
Canada,English,Different origin,Ruthenian,20.3,1
Canada,English,Different origin,Serbian/Croatian,140.0,3
Canada,English,Different origin,Slovak,19.93,1
Canada,English,Different origin,Slovenian,20.14,1
Canada,English,Different origin,Spanish,427.34,16
Canada,English,Different origin,Swedish,5275.14,130
Canada,English,Different origin,Yiddish/Hebrew,663.27,21
Canada,English,Same heritage,Celtic/Gaelic,4447.79,52
Canada,English,Same heritage,Dutch/Flemish,198.78,2
Canada,English,Same heritage,English,509732.16,12498
Canada,English,Same heritage,French,8784.37,227
Canada,English,Same heritage,German,1681.51,28
Canada,English,Same heritage,Other,20.04,1
Canada,English,Same heritage,Ruthenian,20.3,1
Canada,English,Same heritage,Spanish,20.3,1
Canada,English,Same heritage,Yiddish/Hebrew,60.510000000000005,3
Canada,French,3rd+ gen American,English,243.78,12
Canada,French,3rd+ gen American,English/Not Reported,214540.1,5394
Canada,French,3rd+ gen American,French,404.65,20
Canada,French,Different origin,Albanian,20.49,1
Canada,French,Different origin,Armenian,110.23,1
Canada,French,Different origin,Celtic/Gaelic,1493.87,22
Canada,French,Different origin,Czech,96.62,1
Canada,French,Different origin,Danish,140.06,3
Canada,French,Different origin,Dutch/Flemish,488.29,8
Canada,French,Different origin,English,7759.1,188
Canada,French,Different origin,Finnish,20.49,1
Canada,French,Different origin,French,2893.41,66
Canada,French,Different origin,German,2892.16,60
Canada,French,Different origin,Greek,283.25,10
Canada,French,Different origin,Italian,912.98,25
Canada,French,Different origin,Lithuanian,20.1,1
Canada,French,Different origin,Magyar,20.3,1
Canada,French,Different origin,Norwegian,302.17,7
Canada,French,Different origin,Other,484.66,9
Canada,French,Different origin,Polish,360.29,10
Canada,French,Different origin,Portuguese,438.88,6
Canada,French,Different origin,Russian,174.19,4
Canada,French,Different origin,Ruthenian,21.08,1
Canada,French,Different origin,Serbian/Croatian,20.3,1
Canada,French,Different origin,Spanish,101.09,5
Canada,French,Different origin,Swedish,1125.5,27
Canada,French,Different origin,Yiddish/Hebrew,20.04,1
Canada,French,Same heritage,Celtic/Gaelic,1040.73,11
Canada,French,Same heritage,English,8784.37,227
Canada,French,Same heritage,French,389271.08,8580
Canada,French,Same heritage,German,119.73,2
Canada,French,Same heritage,Greek,101.2,1
Canada,French,Same heritage,Italian,20.63,1
Canada,German,3rd+ gen American,English,20.41,1
Canada,German,3rd+ gen American,English/Not Reported,10449.22,201
Canada,German,Different origin,Celtic/Gaelic,100.0,1
Canada,German,Different origin,Czech,20.24,1
Canada,German,Different origin,Danish,141.53,3
Canada,German,Different origin,Dutch/Flemish,92.18,1
Canada,German,Different origin,English,602.08,6
Canada,German,Different origin,German,2878.33,54
Canada,German,Different origin,Italian,101.1,1
Canada,German,Different origin,Norwegian,200.0,2
Canada,German,Different origin,Russian,20.3,1
Canada,German,Different origin,Spanish,93.13,1
Canada,German,Same heritage,Celtic/Gaelic,440.87,6
Canada,German,Same heritage,Dutch/Flemish,100.0,1
Canada,German,Same heritage,English,1681.51,28
Canada,German,Same heritage,French,119.73,2
Canada,German,Same heritage,German,4498.4,70
Canada,German,Same heritage,Magyar,20.3,1
Canada,Norwegian,3rd+ gen American,English/Not Reported,615.84,10
Canada,Norwegian,Different origin,English,20.33,1
Canada,Norwegian,Different origin,German,19.98,1
Canada,Norwegian,Different origin,Norwegian,150.26,4
Canada,Other,3rd+ gen American,English/Not Reported,1052.17,20
Canada,Other,Different origin,Other,158.52,4
Canada,Other,Same heritage,English,20.04,1
Canada,Other,Same heritage,Other,831.52,10
Canada,Polish,3rd+ gen American,English/Not Reported,220.89,7
Canada,Polish,Different origin,Polish,327.62,12
Canada,Polish,Same heritage,Polish,442.40000000000003,6
Canada,Swedish,3rd+ gen American,English/Not Reported,2431.64,28
Canada,Swedish,Different origin,German,19.52,1
Canada,Swedish,Different origin,Norwegian,118.67,1
Canada,Swedish,Different origin,Swedish,239.37,4
Canada,Swedish,Same heritage,Swedish,399.26,4
Canada,Yiddish/Hebrew,3rd+ gen American,English/Not Reported,667.18,21
Canada,Yiddish/Hebrew,Different origin,Italian,20.41,1
Canada,Yiddish/Hebrew,Different origin,Romanian,120.63999999999999,2
Canada,Yiddish/Hebrew,Different origin,Yiddish/Hebrew,222.21,11
Canada,Yiddish/Hebrew,Same heritage,English,60.510000000000005,3
Canada,Yiddish/Hebrew,Same heritage,Yiddish/Hebrew,161.2,8
Central America,English,3rd+ gen American,English/Not Reported,962.12,32
Central America,English,Different origin,Celtic/Gaelic,19.89,1
Central America,English,Different origin,English,301.43,15
Central America,English,Different origin,Norwegian,98.78,1
Central America,English,Different origin,Spanish,20.17,1
Central America,English,Same heritage,English,563.24,20
Central America,English,Same heritage,Spanish,20.32,1
Central America,French,3rd+ gen American,English/Not Reported,59.379999999999995,3
Central America,French,Different origin,Spanish,20.63,1
Central America,French,Same heritage,French,440.64,6
Central America,Spanish,3rd+ gen American,English/Not Reported,1943.29,67
Central America,Spanish,3rd+ gen American,Spanish,20.52,1
Central America,Spanish,Different origin,Dutch/Flemish,19.79,1
Central America,Spanish,Different origin,English,141.48,7
Central America,Spanish,Different origin,French,241.04,4
Central America,Spanish,Different origin,German,101.52,5
Central America,Spanish,Different origin,Italian,20.17,1
Central America,Spanish,Different origin,Lithuanian,20.3,1
Central America,Spanish,Different origin,Norwegian,20.06,1
Central America,Spanish,Different origin,Other,20.22,1
Central America,Spanish,Different origin,Spanish,639.46,23
Central America,Spanish,Same heritage,English,20.32,1
Central America,Spanish,Same heritage,Spanish,1700.6200000000001,68
Central Europe (unspecified),Czech,3rd+ gen American,English/Not Reported,262.27,9
Central Europe (unspecified),Czech,Different origin,Czech,20.08,1
Central Europe (unspecified),Czech,Different origin,Danish,19.93,1
Central Europe (unspecified),Czech,Different origin,German,20.17,1
Central Europe (unspecified),Czech,Same heritage,Czech,324.22,16
Central Europe (unspecified),Ruthenian,3rd+ gen American,English/Not Reported,80.06,4
Central Europe (unspecified),Ruthenian,Different origin,Polish,19.57,1
Central Europe (unspecified),Ruthenian,Different origin,Ruthenian,39.78,2
Central Europe (unspecified),Ruthenian,Same heritage,Ruthenian,562.18,28
Central Europe (unspecified),Serbian/Croatian,3rd+ gen American,English/Not Reported,120.61,6
Central Europe (unspecified),Serbian/Croatian,Different origin,Magyar,20.04,1
Central Europe (unspecified),Serbian/Croatian,Different origin,Serbian/Croatian,20.5,1
Central Europe (unspecified),Serbian/Croatian,Same heritage,German,20.08,1
Central Europe (unspecified),Serbian/Croatian,Same heritage,Serbian/Croatian,481.38,24
Central Europe (unspecified),Slovak,3rd+ gen American,English/Not Reported,241.41,12
Central Europe (unspecified),Slovak,Different origin,Czech,20.17,1
Central Europe (unspecified),Slovak,Different origin,English,20.3,1
Central Europe (unspecified),Slovak,Different origin,German,20.14,1
Central Europe (unspecified),Slovak,Different origin,Polish,19.89,1
Central Europe (unspecified),Slovak,Different origin,Portuguese,20.06,1
Central Europe (unspecified),Slovak,Different origin,Russian,20.61,1
Central Europe (unspecified),Slovak,Different origin,Slovak,39.870000000000005,2
Central Europe (unspecified),Slovak,Same heritage,Slovak,1811.1,90
China,Chinese,3rd+ gen American,English/Not Reported,7470.72,196
China,Chinese,Different origin,English,149.34,3
China,Chinese,Different origin,French,101.64,1
China,Chinese,Different origin,Japanese,120.27,2
China,Chinese,Different origin,Polish,143.35,3
China,Chinese,Different origin,Russian,20.5,1
China,Chinese,Different origin,Spanish,60.8,3
China,Chinese,Same heritage,Chinese,11197.24,352
China,English,3rd+ gen American,English/Not Reported,726.6999999999999,16
China,English,Different origin,English,141.02,3
China,English,Different origin,German,19.99,1
China,English,Different origin,Norwegian,19.58,1
China,English,Different origin,Russian,20.52,1
Cuba,English,3rd+ gen American,English/Not Reported,746.84,17
Cuba,English,Different origin,English,20.22,1
Cuba,English,Same heritage,English,40.84,2
Cuba,Spanish,3rd+ gen American,English/Not Reported,6968.24,191
Cuba,Spanish,Different origin,Celtic/Gaelic,99.43,1
Cuba,Spanish,Different origin,Dutch/Flemish,120.17,2
Cuba,Spanish,Different origin,English,494.57,11
Cuba,Spanish,Different origin,French,40.370000000000005,2
Cuba,Spanish,Different origin,German,140.68,3
Cuba,Spanish,Different origin,Italian,241.58,4
Cuba,Spanish,Different origin,Spanish,2084.56,63
Cuba,Spanish,Different origin,Yiddish/Hebrew,20.17,1
Cuba,Spanish,Same heritage,French,41.040000000000006,2
Cuba,Spanish,Same heritage,Spanish,11814.06,254
Czechoslovakia,Czech,3rd+ gen American,Czech,39.980000000000004,2
Czechoslovakia,Czech,3rd+ gen American,English,20.04,1
Czechoslovakia,Czech,3rd+ gen American,English/Not Reported,55633.8,1745
Czechoslovakia,Czech,3rd+ gen American,French,20.44,1
Czechoslovakia,Czech,Different origin,Armenian,20.04,1
Czechoslovakia,Czech,Different origin,Czech,2798.11,80
Czechoslovakia,Czech,Different origin,Danish,141.25,7
Czechoslovakia,Czech,Different origin,Dutch/Flemish,39.599999999999994,2
Czechoslovakia,Czech,Different origin,English,1084.71,29
Czechoslovakia,Czech,Different origin,Finnish,101.75,1
Czechoslovakia,Czech,Different origin,French,416.24,9
Czechoslovakia,Czech,Different origin,German,7178.92,206
Czechoslovakia,Czech,Different origin,Greek,161.33,8
Czechoslovakia,Czech,Different origin,Italian,403.51,20
Czechoslovakia,Czech,Different origin,Latvian,40.32,2
Czechoslovakia,Czech,Different origin,Lithuanian,40.51,2
Czechoslovakia,Czech,Different origin,Magyar,989.76,25
Czechoslovakia,Czech,Different origin,Norwegian,100.46000000000001,5
Czechoslovakia,Czech,Different origin,Other,40.36,2
Czechoslovakia,Czech,Different origin,Polish,2298.24,72
Czechoslovakia,Czech,Different origin,Romanian,80.78,4
Czechoslovakia,Czech,Different origin,Russian,526.17,22
Czechoslovakia,Czech,Different origin,Ruthenian,161.37,4
Czechoslovakia,Czech,Different origin,Serbian/Croatian,522.71,22
Czechoslovakia,Czech,Different origin,Slovak,405.95,8
Czechoslovakia,Czech,Different origin,Slovenian,40.019999999999996,2
Czechoslovakia,Czech,Different origin,Spanish,140.92,3
Czechoslovakia,Czech,Different origin,Swedish,391.86,11
Czechoslovakia,Czech,Different origin,Yiddish/Hebrew,201.9,6
Czechoslovakia,Czech,Same heritage,Czech,205588.06,5788
Czechoslovakia,Czech,Same heritage,German,424.15,21
Czechoslovakia,Czech,Same heritage,Lithuanian,20.3,1
Czechoslovakia,Czech,Same heritage,Magyar,40.260000000000005,2
Czechoslovakia,Czech,Same heritage,Other,121.06,2
Czechoslovakia,Czech,Same heritage,Russian,19.74,1
Czechoslovakia,Czech,Same heritage,Slovak,1009.9499999999999,29
Czechoslovakia,Czech,Same heritage,Slovenian,20.5,1
Czechoslovakia,Czech,Same heritage,Yiddish/Hebrew,20.3,1
Czechoslovakia,English,3rd+ gen American,English/Not Reported,414.67,9
Czechoslovakia,English,Same heritage,English,605.52,6
Czechoslovakia,German,3rd+ gen American,English/Not Reported,7649.61,247
Czechoslovakia,German,3rd+ gen American,German,20.52,1
Czechoslovakia,German,Different origin,Celtic/Gaelic,20.49,1
Czechoslovakia,German,Different origin,Czech,89.18,1
Czechoslovakia,German,Different origin,Dutch/Flemish,40.84,2
Czechoslovakia,German,Different origin,English,368.4,10
Czechoslovakia,German,Different origin,French,123.1,2
Czechoslovakia,German,Different origin,German,8895.91,263
Czechoslovakia,German,Different origin,Italian,20.51,1
Czechoslovakia,German,Different origin,Japanese,109.56,2
Czechoslovakia,German,Different origin,Latvian,105.22,1
Czechoslovakia,German,Different origin,Lithuanian,20.15,1
Czechoslovakia,German,Different origin,Magyar,325.82,12
Czechoslovakia,German,Different origin,Other,40.67,2
Czechoslovakia,German,Different origin,Polish,120.12,6
Czechoslovakia,German,Different origin,Portuguese,98.22,1
Czechoslovakia,German,Different origin,Romanian,19.96,1
Czechoslovakia,German,Different origin,Russian,121.86,6
Czechoslovakia,German,Different origin,Serbian/Croatian,60.08,3
Czechoslovakia,German,Different origin,Slovenian,20.51,1
Czechoslovakia,German,Different origin,Swedish,60.459999999999994,3
Czechoslovakia,German,Different origin,Yiddish/Hebrew,101.10000000000001,5
Czechoslovakia,German,Same heritage,Czech,424.15,21
Czechoslovakia,German,Same heritage,German,19928.24,638
Czechoslovakia,German,Same heritage,Magyar,100.78,5
Czechoslovakia,German,Same heritage,Polish,43.769999999999996,2
Czechoslovakia,German,Same heritage,Slovak,162.3,8
Czechoslovakia,German,Same heritage,Yiddish/Hebrew,19.96,1
Czechoslovakia,Magyar,3rd+ gen American,English/Not Reported,1581.85,70
Czechoslovakia,Magyar,Different origin,Czech,20.5,1
Czechoslovakia,Magyar,Different origin,Dutch/Flemish,100.18,1
Czechoslovakia,Magyar,Different origin,German,404.25,20
Czechoslovakia,Magyar,Different origin,Italian,20.5,1
Czechoslovakia,Magyar,Different origin,Latvian,20.04,1
Czechoslovakia,Magyar,Different origin,Lithuanian,21.33,1
Czechoslovakia,Magyar,Different origin,Magyar,3935.8,143
Czechoslovakia,Magyar,Different origin,Polish,40.21,2
Czechoslovakia,Magyar,Different origin,Romanian,20.36,1
Czechoslovakia,Magyar,Different origin,Russian,20.5,1
Czechoslovakia,Magyar,Different origin,Ruthenian,20.28,1
Czechoslovakia,Magyar,Different origin,Serbian/Croatian,126.18,2
Czechoslovakia,Magyar,Different origin,Yiddish/Hebrew,121.34,6
Czechoslovakia,Magyar,Same heritage,Czech,40.260000000000005,2
Czechoslovakia,Magyar,Same heritage,German,100.78,5
Czechoslovakia,Magyar,Same heritage,Magyar,13478.76,496
Czechoslovakia,Magyar,Same heritage,Russian,100.6,1
Czechoslovakia,Magyar,Same heritage,Serbian/Croatian,20.5,1
Czechoslovakia,Magyar,Same heritage,Slovak,471.54,15
Czechoslovakia,Other,3rd+ gen American,English/Not Reported,220.4,7
Czechoslovakia,Other,Different origin,French,20.17,1
Czechoslovakia,Other,Different origin,Other,121.12,6
Czechoslovakia,Other,Same heritage,Czech,121.06,2
Czechoslovakia,Other,Same heritage,Other,2169.5,60
Czechoslovakia,Other,Same heritage,Ruthenian,19.75,1
Czechoslovakia,Other,Same heritage,Slovak,19.75,1
Czechoslovakia,Polish,3rd+ gen American,English/Not Reported,449.49,18
Czechoslovakia,Polish,Different origin,German,101.59,5
Czechoslovakia,Polish,Different origin,Polish,842.1,34
Czechoslovakia,Polish,Different origin,Russian,119.49,2
Czechoslovakia,Polish,Same heritage,German,43.769999999999996,2
Czechoslovakia,Polish,Same heritage,Polish,1705.3,68
Czechoslovakia,Polish,Same heritage,Slovak,40.13,2
Czechoslovakia,Russian,3rd+ gen American,English/Not Reported,666.72,25
Czechoslovakia,Russian,Different origin,French,101.0,1
Czechoslovakia,Russian,Different origin,German,39.85,2
Czechoslovakia,Russian,Different origin,Polish,40.870000000000005,2
Czechoslovakia,Russian,Different origin,Russian,220.43,11
Czechoslovakia,Russian,Same heritage,Czech,19.74,1
Czechoslovakia,Russian,Same heritage,Magyar,100.6,1
Czechoslovakia,Russian,Same heritage,Russian,5210.5199999999995,218
Czechoslovakia,Russian,Same heritage,Ruthenian,19.8,1
Czechoslovakia,Russian,Same heritage,Slovak,201.85,10
Czechoslovakia,Ruthenian,3rd+ gen American,English/Not Reported,401.57,20
Czechoslovakia,Ruthenian,Different origin,Magyar,39.93,2
Czechoslovakia,Ruthenian,Different origin,Polish,20.42,1
Czechoslovakia,Ruthenian,Different origin,Russian,140.44,7
Czechoslovakia,Ruthenian,Different origin,Ruthenian,261.02,13
Czechoslovakia,Ruthenian,Same heritage,Other,19.75,1
Czechoslovakia,Ruthenian,Same heritage,Russian,19.8,1
Czechoslovakia,Ruthenian,Same heritage,Ruthenian,4177.42,200
Czechoslovakia,Ruthenian,Same heritage,Slovak,102.61,5
Czechoslovakia,Serbian/Croatian,3rd+ gen American,English/Not Reported,404.14,16
Czechoslovakia,Serbian/Croatian,Different origin,Dutch/Flemish,19.96,1
Czechoslovakia,Serbian/Croatian,Different origin,German,40.36,2
Czechoslovakia,Serbian/Croatian,Different origin,Latvian,20.5,1
Czechoslovakia,Serbian/Croatian,Different origin,Magyar,141.38,7
Czechoslovakia,Serbian/Croatian,Different origin,Serbian/Croatian,417.12,9
Czechoslovakia,Serbian/Croatian,Same heritage,Magyar,20.5,1
Czechoslovakia,Serbian/Croatian,Same heritage,Serbian/Croatian,1691.18,52
Czechoslovakia,Serbian/Croatian,Same heritage,Slovak,20.08,1
Czechoslovakia,Slovak,3rd+ gen American,English/Not Reported,25290.53,1037
Czechoslovakia,Slovak,Different origin,Albanian,20.42,1
Czechoslovakia,Slovak,Different origin,Armenian,20.33,1
Czechoslovakia,Slovak,Different origin,Celtic/Gaelic,20.42,1
Czechoslovakia,Slovak,Different origin,Czech,105.89,1
Czechoslovakia,Slovak,Different origin,Danish,20.18,1
Czechoslovakia,Slovak,Different origin,English,161.02,8
Czechoslovakia,Slovak,Different origin,Finnish,20.18,1
Czechoslovakia,Slovak,Different origin,French,147.97,3
Czechoslovakia,Slovak,Different origin,German,1789.66,68
Czechoslovakia,Slovak,Different origin,Greek,101.92,5
Czechoslovakia,Slovak,Different origin,Italian,490.51,16
Czechoslovakia,Slovak,Different origin,Latvian,59.94,3
Czechoslovakia,Slovak,Different origin,Lithuanian,254.99,9
Czechoslovakia,Slovak,Different origin,Magyar,1422.4,50
Czechoslovakia,Slovak,Different origin,Other,203.60000000000002,2
Czechoslovakia,Slovak,Different origin,Polish,3125.33,112
Czechoslovakia,Slovak,Different origin,Portuguese,19.87,1
Czechoslovakia,Slovak,Different origin,Romanian,81.22,4
Czechoslovakia,Slovak,Different origin,Russian,545.01,27
Czechoslovakia,Slovak,Different origin,Ruthenian,200.85,6
Czechoslovakia,Slovak,Different origin,Serbian/Croatian,684.18,30
Czechoslovakia,Slovak,Different origin,Slovak,1803.64,57
Czechoslovakia,Slovak,Different origin,Slovenian,321.95,12
Czechoslovakia,Slovak,Different origin,Spanish,20.3,1
Czechoslovakia,Slovak,Different origin,Swedish,60.5,3
Czechoslovakia,Slovak,Different origin,Yiddish/Hebrew,60.56,3
Czechoslovakia,Slovak,Same heritage,Czech,1009.9499999999999,29
Czechoslovakia,Slovak,Same heritage,German,162.3,8
Czechoslovakia,Slovak,Same heritage,Greek,20.12,1
Czechoslovakia,Slovak,Same heritage,Magyar,471.54,15
Czechoslovakia,Slovak,Same heritage,Other,19.75,1
Czechoslovakia,Slovak,Same heritage,Polish,40.13,2
Czechoslovakia,Slovak,Same heritage,Russian,201.85,10
Czechoslovakia,Slovak,Same heritage,Ruthenian,102.61,5
Czechoslovakia,Slovak,Same heritage,Serbian/Croatian,20.08,1
Czechoslovakia,Slovak,Same heritage,Slovak,217784.34,7436
Czechoslovakia,Slovak,Same heritage,Slovenian,108.04,1
Czechoslovakia,Slovenian,3rd+ gen American,English/Not Reported,359.85,15
Czechoslovakia,Slovenian,Different origin,German,40.11,2
Czechoslovakia,Slovenian,Different origin,Latvian,20.74,1
Czechoslovakia,Slovenian,Different origin,Magyar,100.0,1
Czechoslovakia,Slovenian,Different origin,Romanian,19.92,1
Czechoslovakia,Slovenian,Different origin,Russian,20.21,1
Czechoslovakia,Slovenian,Different origin,Serbian/Croatian,49.620000000000005,2
Czechoslovakia,Slovenian,Different origin,Slovenian,303.15000000000003,7
Czechoslovakia,Slovenian,Different origin,Yiddish/Hebrew,19.96,1
Czechoslovakia,Slovenian,Same heritage,Czech,20.5,1
Czechoslovakia,Slovenian,Same heritage,Slovak,108.04,1
Czechoslovakia,Slovenian,Same heritage,Slovenian,3670.14,96
Czechoslovakia,Yiddish/Hebrew,3rd+ gen American,English/Not Reported,464.61,23
Czechoslovakia,Yiddish/Hebrew,Different origin,English,20.18,1
Czechoslovakia,Yiddish/Hebrew,Different origin,German,19.96,1
Czechoslovakia,Yiddish/Hebrew,Different origin,Magyar,40.67,2
Czechoslovakia,Yiddish/Hebrew,Different origin,Other,20.3,1
Czechoslovakia,Yiddish/Hebrew,Different origin,Polish,143.22,3
Czechoslovakia,Yiddish/Hebrew,Different origin,Romanian,20.17,1
Czechoslovakia,Yiddish/Hebrew,Different origin,Yiddish/Hebrew,2048.61,73
Czechoslovakia,Yiddish/Hebrew,Same heritage,Czech,20.3,1
Czechoslovakia,Yiddish/Hebrew,Same heritage,German,19.96,1
Czechoslovakia,Yiddish/Hebrew,Same heritage,Yiddish/Hebrew,3138.02,132
Denmark,Danish,3rd+ gen American,English,79.11,4
Denmark,Danish,3rd+ gen American,English/Not Reported,101586.43,2603
Denmark,Danish,3rd+ gen American,German,20.46,1
Denmark,Danish,Different origin,Celtic/Gaelic,773.84,14
Denmark,Danish,Different origin,Czech,261.18,9
Denmark,Danish,Different origin,Danish,3528.11,59
Denmark,Danish,Different origin,Dutch/Flemish,642.97,12
Denmark,Danish,Different origin,English,7096.08,182
Denmark,Danish,Different origin,Finnish,416.61,13
Denmark,Danish,Different origin,French,741.17,21
Denmark,Danish,Different origin,German,12263.14,250
Denmark,Danish,Different origin,Greek,80.57,4
Denmark,Danish,Different origin,Italian,330.36,8
Denmark,Danish,Different origin,Lithuanian,60.75,3
Denmark,Danish,Different origin,Magyar,61.46,3
Denmark,Danish,Different origin,Norwegian,10169.15,229
Denmark,Danish,Different origin,Other,277.19,4
Denmark,Danish,Different origin,Polish,424.21000000000004,9
Denmark,Danish,Different origin,Portuguese,101.64,1
Denmark,Danish,Different origin,Romanian,20.17,1
Denmark,Danish,Different origin,Russian,181.23,5
Denmark,Danish,Different origin,Slovak,40.11,2
Denmark,Danish,Different origin,Slovenian,19.93,1
Denmark,Danish,Different origin,Spanish,161.22,4
Denmark,Danish,Different origin,Swedish,13438.26,271
Denmark,Danish,Different origin,Yiddish/Hebrew,121.17,2
Denmark,Danish,Same heritage,Danish,205957.68,4504
Denmark,Danish,Same heritage,Dutch/Flemish,19.2,1
Denmark,Danish,Same heritage,English,120.33000000000001,2
Denmark,Danish,Same heritage,German,40.43,2
Denmark,Danish,Same heritage,Other,20.17,1
Denmark,Danish,Same heritage,Swedish,185.82,5
Denmark,Dutch/Flemish,3rd+ gen American,English/Not Reported,116.89000000000001,2
Denmark,Dutch/Flemish,Different origin,Swedish,107.66,1
Denmark,Dutch/Flemish,Same heritage,Danish,19.2,1
Denmark,Dutch/Flemish,Same heritage,Dutch/Flemish,275.5,6
Denmark,English,3rd+ gen American,English/Not Reported,445.43,10
Denmark,English,Different origin,English,358.45,6
Denmark,English,Different origin,Norwegian,120.2,2
Denmark,English,Different origin,Swedish,40.769999999999996,2
Denmark,English,Same heritage,Danish,120.33000000000001,2
Denmark,English,Same heritage,English,604.62,6
Denmark,German,3rd+ gen American,English/Not Reported,775.25,23
Denmark,German,Different origin,English,19.74,1
Denmark,German,Different origin,French,20.3,1
Denmark,German,Different origin,German,411.97,8
Denmark,German,Different origin,Norwegian,100.0,1
Denmark,German,Different origin,Swedish,20.32,1
Denmark,German,Same heritage,Danish,40.43,2
Denmark,German,Same heritage,German,1404.16,20
Denmark,Swedish,3rd+ gen American,English/Not Reported,613.8199999999999,19
Denmark,Swedish,Different origin,German,128.37,2
Denmark,Swedish,Different origin,Norwegian,89.98,1
Denmark,Swedish,Different origin,Polish,20.15,1
Denmark,Swedish,Different origin,Swedish,138.01,7
Denmark,Swedish,Same heritage,Danish,185.82,5
Denmark,Swedish,Same heritage,Swedish,41.04,2
England,Celtic/Gaelic,3rd+ gen American,English/Not Reported,3168.59,42
England,Celtic/Gaelic,Different origin,Celtic/Gaelic,1433.8899999999999,24
England,Celtic/Gaelic,Different origin,Dutch/Flemish,92.18,1
England,Celtic/Gaelic,Different origin,English,220.05,3
England,Celtic/Gaelic,Different origin,French,101.98,1
England,Celtic/Gaelic,Different origin,German,100.0,1
England,Celtic/Gaelic,Different origin,Italian,20.36,1
England,Celtic/Gaelic,Same heritage,Celtic/Gaelic,639.94,8
England,Celtic/Gaelic,Same heritage,English,672.53,9
England,English,3rd+ gen American,Celtic/Gaelic,20.72,1
England,English,3rd+ gen American,Czech,101.0,1
England,English,3rd+ gen American,English,850.95,34
England,English,3rd+ gen American,English/Not Reported,668255.99,15574
England,English,3rd+ gen American,French,61.16,3
England,English,3rd+ gen American,Norwegian,100.0,1
England,English,3rd+ gen American,Spanish,20.22,1
England,English,Different origin,Armenian,60.64,3
England,English,Different origin,Celtic/Gaelic,22757.76,372
England,English,Different origin,Chinese,109.0,1
England,English,Different origin,Czech,465.38,15
England,English,Different origin,Danish,2779.62,64
England,English,Different origin,Dutch/Flemish,2702.69,51
England,English,Different origin,English,135874.2,3292
England,English,Different origin,Finnish,386.64,11
England,English,Different origin,French,7464.75,186
England,English,Different origin,German,27545.86,575
England,English,Different origin,Greek,702.29,23
England,English,Different origin,Italian,2408.51,74
England,English,Different origin,Japanese,241.13,4
England,English,Different origin,Latvian,40.72,2
England,English,Different origin,Lithuanian,482.93,12
England,English,Different origin,Magyar,422.7,13
England,English,Different origin,Norwegian,3203.09,68
England,English,Different origin,Other,765.75,26
England,English,Different origin,Polish,1292.8700000000001,40
England,English,Different origin,Portuguese,321.39,8
England,English,Different origin,Romanian,458.98,11
England,English,Different origin,Russian,3137.27,89
England,English,Different origin,Serbian/Croatian,80.52000000000001,4
England,English,Different origin,Slovak,60.69,3
England,English,Different origin,Spanish,1035.27,31
England,English,Different origin,Swedish,7537.84,169
England,English,Different origin,Yiddish/Hebrew,5881.6900000000005,195
England,English,Same heritage,Celtic/Gaelic,672.53,9
England,English,Same heritage,English,626563.04,14338
England,English,Same heritage,German,100.0,1
England,English,Same heritage,Greek,20.18,1
England,English,Same heritage,Italian,100.0,1
England,English,Same heritage,Swedish,304.56,3
England,English,Same heritage,Yiddish/Hebrew,40.21,2
England,French,3rd+ gen American,English/Not Reported,239.88,8
England,French,Different origin,English,60.230000000000004,3
England,French,Different origin,German,19.81,1
England,French,Same heritage,French,240.02,4
England,German,3rd+ gen American,English/Not Reported,1107.17,26
England,German,Different origin,English,19.93,1
England,German,Different origin,German,469.89,11
England,German,Different origin,Polish,120.03999999999999,2
England,German,Different origin,Yiddish/Hebrew,118.25999999999999,2
England,German,Same heritage,English,100.0,1
England,German,Same heritage,German,40.6,2
England,German,Same heritage,Polish,19.96,1
England,Italian,3rd+ gen American,English/Not Reported,299.57,7
England,Italian,3rd+ gen American,Italian,20.3,1
England,Italian,Different origin,Italian,342.85,13
England,Italian,Same heritage,English,100.0,1
England,Italian,Same heritage,Italian,40.6,2
England,Other,3rd+ gen American,English/Not Reported,221.09,7
England,Other,Different origin,Other,388.45,7
England,Swedish,3rd+ gen American,English/Not Reported,1453.77,15
England,Swedish,Different origin,Swedish,119.57,2
England,Swedish,Same heritage,English,304.56,3
England,Swedish,Same heritage,Swedish,618.84,6
England,Yiddish/Hebrew,3rd+ gen American,English/Not Reported,2313.76,95
England,Yiddish/Hebrew,Different origin,English,120.17,2
England,Yiddish/Hebrew,Different origin,German,41.29,2
England,Yiddish/Hebrew,Different origin,Lithuanian,20.17,1
England,Yiddish/Hebrew,Different origin,Magyar,20.17,1
England,Yiddish/Hebrew,Different origin,Other,102.34,1
England,Yiddish/Hebrew,Different origin,Polish,240.93,4
England,Yiddish/Hebrew,Different origin,Russian,20.17,1
England,Yiddish/Hebrew,Different origin,Yiddish/Hebrew,5543.53,158
England,Yiddish/Hebrew,Same heritage,English,40.21,2
England,Yiddish/Hebrew,Same heritage,Yiddish/Hebrew,694.12,26
Estonia,Other,3rd+ gen American,English/Not Reported,264.17,13
Estonia,Other,Different origin,Finnish,264.32,9
Estonia,Other,Different origin,German,60.09,3
Estonia,Other,Different origin,Lithuanian,20.27,1
Estonia,Other,Different origin,Other,62.56999999999999,3
Estonia,Other,Different origin,Russian,19.64,1
Estonia,Other,Different origin,Serbian/Croatian,20.41,1
Estonia,Other,Different origin,Spanish,20.28,1
Estonia,Other,Same heritage,Lithuanian,20.04,1
Estonia,Other,Same heritage,Other,813.48,40
Europe (unspecified),Czech,3rd+ gen American,English/Not Reported,222.15,3
Europe (unspecified),Czech,Different origin,Russian,100.18,1
Europe (unspecified),Czech,Same heritage,Czech,554.02,12
Europe (unspecified),English,3rd+ gen American,English/Not Reported,147.02,3
Europe (unspecified),English,Different origin,English,121.52,2
Europe (unspecified),English,Same heritage,English,240.46,4
Europe (unspecified),German,3rd+ gen American,English/Not Reported,497.21,13
Europe (unspecified),German,Different origin,German,40.989999999999995,2
Europe (unspecified),German,Different origin,Lithuanian,20.36,1
Europe (unspecified),German,Different origin,Russian,20.17,1
Europe (unspecified),German,Different origin,Swedish,20.18,1
Europe (unspecified),German,Same heritage,German,565.28,12
Europe (unspecified),Lithuanian,3rd+ gen American,English/Not Reported,182.81,2
Europe (unspecified),Lithuanian,Different origin,Yiddish/Hebrew,20.18,1
Europe (unspecified),Lithuanian,Same heritage,Lithuanian,305.44,8
Europe (unspecified),Yiddish/Hebrew,3rd+ gen American,English/Not Reported,204.84,6
Europe (unspecified),Yiddish/Hebrew,Different origin,English,20.04,1
Europe (unspecified),Yiddish/Hebrew,Different origin,German,98.19,1
Europe (unspecified),Yiddish/Hebrew,Different origin,Yiddish/Hebrew,40.480000000000004,2
Europe (unspecified),Yiddish/Hebrew,Same heritage,Yiddish/Hebrew,401.88,12
Finland,Finnish,3rd+ gen American,English,19.64,1
Finland,Finnish,3rd+ gen American,English/Not Reported,17891.76,612
Finland,Finnish,Different origin,Czech,101.75,1
Finland,Finnish,Different origin,Danish,416.61,13
Finland,Finnish,Different origin,Dutch/Flemish,60.86,3
Finland,Finnish,Different origin,English,803.0,27
Finland,Finnish,Different origin,Finnish,1732.04,42
Finland,Finnish,Different origin,French,138.1,3
Finland,Finnish,Different origin,German,410.13,12
Finland,Finnish,Different origin,Greek,81.07,4
Finland,Finnish,Different origin,Italian,143.31,7
Finland,Finnish,Different origin,Japanese,19.96,1
Finland,Finnish,Different origin,Lithuanian,62.64,3
Finland,Finnish,Different origin,Norwegian,1714.09,45
Finland,Finnish,Different origin,Other,264.32,9
Finland,Finnish,Different origin,Russian,214.79,7
Finland,Finnish,Different origin,Slovak,60.33,3
Finland,Finnish,Different origin,Swedish,4830.77,130
Finland,Finnish,Different origin,Yiddish/Hebrew,59.489999999999995,3
Finland,Finnish,Same heritage,English,20.3,1
Finland,Finnish,Same heritage,Finnish,184940.68,4500
Finland,Finnish,Same heritage,Russian,20.94,1
Finland,Finnish,Same heritage,Swedish,1219.71,27
Finland,Swedish,3rd+ gen American,English/Not Reported,3231.04,104
Finland,Swedish,Different origin,Armenian,20.04,1
Finland,Swedish,Different origin,Danish,220.04,3
Finland,Swedish,Different origin,English,460.5,15
Finland,Swedish,Different origin,French,40.370000000000005,2
Finland,Swedish,Different origin,German,202.70999999999998,6
Finland,Swedish,Different origin,Norwegian,550.05,19
Finland,Swedish,Different origin,Russian,146.42,3
Finland,Swedish,Different origin,Swedish,4968.38,118
Finland,Swedish,Same heritage,Finnish,1219.71,27
Finland,Swedish,Same heritage,Swedish,21719.54,484
France,Dutch/Flemish,3rd+ gen American,English/Not Reported,156.31,4
France,Dutch/Flemish,Different origin,Dutch/Flemish,101.61,5
France,Dutch/Flemish,Same heritage,Dutch/Flemish,223.48,2
France,Dutch/Flemish,Same heritage,French,40.79,2
France,English,3rd+ gen American,English/Not Reported,1974.73,34
France,English,Different origin,English,442.02,10
France,English,Different origin,German,140.97,3
France,English,Different origin,Russian,20.23,1
France,English,Different origin,Swedish,100.0,1
France,English,Same heritage,English,640.16,8
France,English,Same heritage,French,121.05,2
France,French,3rd+ gen American,Czech,100.0,1
France,French,3rd+ gen American,Dutch/Flemish,20.38,1
France,French,3rd+ gen American,English,40.370000000000005,2
France,French,3rd+ gen American,English/Not Reported,68270.4,1734
France,French,Different origin,Armenian,40.16,2
France,French,Different origin,Celtic/Gaelic,722.71,16
France,French,Different origin,Czech,199.26,6
France,French,Different origin,Danish,380.90999999999997,15
France,French,Different origin,Dutch/Flemish,1770.09,38
France,French,Different origin,English,6678.12,158
France,French,Different origin,Finnish,117.61,2
France,French,Different origin,French,8339.63,210
France,French,Different origin,German,14021.64,318
France,French,Different origin,Greek,568.68,16
France,French,Different origin,Italian,5658.86,151
France,French,Different origin,Lithuanian,140.79999999999998,3
France,French,Different origin,Magyar,60.84,3
France,French,Different origin,Norwegian,261.55,9
France,French,Different origin,Other,80.68,4
France,French,Different origin,Polish,605.21,14
France,French,Different origin,Portuguese,262.96999999999997,5
France,French,Different origin,Romanian,181.5,5
France,French,Different origin,Russian,422.34000000000003,13
France,French,Different origin,Serbian/Croatian,118.69,2
France,French,Different origin,Slovak,147.88,3
France,French,Different origin,Slovenian,19.9,1
France,French,Different origin,Spanish,1479.06,37
France,French,Different origin,Swedish,895.75,20
France,French,Different origin,Yiddish/Hebrew,340.86,9
France,French,Same heritage,Dutch/Flemish,40.79,2
France,French,Same heritage,English,121.05,2
France,French,Same heritage,French,85069.18,1898
France,French,Same heritage,German,140.88,7
France,French,Same heritage,Other,20.46,1
France,German,3rd+ gen American,English,39.79,2
France,German,3rd+ gen American,English/Not Reported,9080.95,225
France,German,Different origin,Celtic/Gaelic,40.32,2
France,German,Different origin,Dutch/Flemish,139.92000000000002,3
France,German,Different origin,English,654.0699999999999,17
France,German,Different origin,French,40.260000000000005,2
France,German,Different origin,German,8133.41,193
France,German,Different origin,Greek,100.6,1
France,German,Different origin,Italian,60.94,3
France,German,Different origin,Lithuanian,20.08,1
France,German,Different origin,Magyar,120.46000000000001,2
France,German,Different origin,Norwegian,103.76,2
France,German,Different origin,Polish,122.16,2
France,German,Different origin,Russian,19.97,1
France,German,Different origin,Slovak,20.23,1
France,German,Different origin,Swedish,59.739999999999995,3
France,German,Different origin,Yiddish/Hebrew,40.629999999999995,2
France,German,Same heritage,French,140.88,7
France,German,Same heritage,German,7682.8,188
France,Italian,3rd+ gen American,English/Not Reported,995.16,37
France,Italian,Different origin,German,19.16,1
France,Italian,Different origin,Italian,1995.38,66
France,Italian,Different origin,Magyar,20.46,1
France,Italian,Different origin,Spanish,20.47,1
France,Italian,Different origin,Swedish,20.44,1
France,Italian,Same heritage,Italian,283.2,6
France,Other,3rd+ gen American,English/Not Reported,20.3,1
France,Other,Different origin,Other,40.61,2
France,Other,Different origin,Yiddish/Hebrew,20.17,1
France,Other,Same heritage,French,20.46,1
France,Other,Same heritage,Other,441.86,14
France,Yiddish/Hebrew,3rd+ gen American,English/Not Reported,241.05,8
France,Yiddish/Hebrew,Different origin,Yiddish/Hebrew,263.17,5
Germany,Czech,3rd+ gen American,English/Not Reported,1392.24,21
Germany,Czech,Different origin,Czech,179.98,5
Germany,Czech,Different origin,German,117.11,1
Germany,Czech,Different origin,Italian,19.91,1
Germany,Czech,Different origin,Magyar,20.5,1
Germany,Czech,Same heritage,Czech,3436.94,36
Germany,Czech,Same heritage,Dutch/Flemish,100.0,1
Germany,Czech,Same heritage,German,301.9,3
Germany,Danish,3rd+ gen American,English/Not Reported,2044.61,36
Germany,Danish,Different origin,Danish,3064.9900000000002,44
Germany,Danish,Different origin,English,118.47999999999999,2
Germany,Danish,Different origin,German,20.23,1
Germany,Danish,Different origin,Norwegian,133.59,2
Germany,Danish,Different origin,Other,100.0,1
Germany,Danish,Different origin,Spanish,20.04,1
Germany,Danish,Different origin,Swedish,250.53,4
Germany,Danish,Same heritage,Danish,1900.26,28
Germany,Danish,Same heritage,German,338.58,5
Germany,Dutch/Flemish,3rd+ gen American,English/Not Reported,2407.63,29
Germany,Dutch/Flemish,Different origin,Danish,19.38,1
Germany,Dutch/Flemish,Different origin,Dutch/Flemish,240.31,8
Germany,Dutch/Flemish,Different origin,English,325.94,4
Germany,Dutch/Flemish,Different origin,German,100.0,1
Germany,Dutch/Flemish,Different origin,Italian,100.0,1
Germany,Dutch/Flemish,Different origin,Slovenian,96.98,1
Germany,Dutch/Flemish,Same heritage,Czech,100.0,1
Germany,Dutch/Flemish,Same heritage,Dutch/Flemish,2512.78,30
Germany,Dutch/Flemish,Same heritage,German,438.54,6
Germany,Dutch/Flemish,Same heritage,Polish,101.0,1
Germany,English,3rd+ gen American,English/Not Reported,8139.2,158
Germany,English,Different origin,English,2109.07,41
Germany,English,Different origin,French,19.79,1
Germany,English,Different origin,German,117.92,2
Germany,English,Different origin,Italian,20.33,1
Germany,English,Different origin,Other,20.52,1
Germany,English,Different origin,Yiddish/Hebrew,20.33,1
Germany,English,Same heritage,English,3247.44,56
Germany,English,Same heritage,German,954.46,15
Germany,French,3rd+ gen American,English/Not Reported,442.36,14
Germany,French,Different origin,English,101.0,1
Germany,French,Different origin,French,433.96,9
Germany,French,Different origin,Slovak,20.17,1
Germany,French,Same heritage,French,842.76,10
Germany,French,Same heritage,German,663.44,9
Germany,German,3rd+ gen American,English,437.1,17
Germany,German,3rd+ gen American,English/Not Reported,1186881.43,25773
Germany,German,3rd+ gen American,French,40.39,2
Germany,German,3rd+ gen American,German,680.52,14
Germany,German,3rd+ gen American,Norwegian,39.62,2
Germany,German,3rd+ gen American,Polish,20.3,1
Germany,German,3rd+ gen American,Yiddish/Hebrew,19.96,1
Germany,German,Different origin,Armenian,20.33,1
Germany,German,Different origin,Celtic/Gaelic,7210.91,102
Germany,German,Different origin,Czech,8779.38,187
Germany,German,Different origin,Danish,10720.4,218
Germany,German,Different origin,Dutch/Flemish,8046.45,169
Germany,German,Different origin,English,54542.75,1149
Germany,German,Different origin,Finnish,290.17,10
Germany,German,Different origin,French,15474.64,331
Germany,German,Different origin,German,112406.43,2458
Germany,German,Different origin,Greek,1179.66,42
Germany,German,Different origin,Italian,4943.92,130
Germany,German,Different origin,Japanese,263.57,5
Germany,German,Different origin,Latvian,210.78,2
Germany,German,Different origin,Lithuanian,1064.66,33
Germany,German,Different origin,Magyar,6203.27,163
Germany,German,Different origin,Norwegian,6877.16,146
Germany,German,Different origin,Other,424.35,21
Germany,German,Different origin,Polish,11341.18,289
Germany,German,Different origin,Portuguese,279.95,6
Germany,German,Different origin,Romanian,441.85,14
Germany,German,Different origin,Russian,6097.83,150
Germany,German,Different origin,Ruthenian,60.55,3
Germany,German,Different origin,Serbian/Croatian,561.91,20
Germany,German,Different origin,Slovak,1549.79,41
Germany,German,Different origin,Slovenian,943.29,23
Germany,German,Different origin,Spanish,1638.53,45
Germany,German,Different origin,Swedish,12512.52,262
Germany,German,Different origin,Yiddish/Hebrew,5160.71,128
Germany,German,Same heritage,Czech,301.9,3
Germany,German,Same heritage,Danish,338.58,5
Germany,German,Same heritage,Dutch/Flemish,438.54,6
Germany,German,Same heritage,English,954.46,15
Germany,German,Same heritage,French,663.44,9
Germany,German,Same heritage,German,1994129.14,40029
Germany,German,Same heritage,Greek,20.49,1
Germany,German,Same heritage,Polish,2148.62,27
Germany,German,Same heritage,Serbian/Croatian,100.0,1
Germany,German,Same heritage,Slovenian,20.5,1
Germany,German,Same heritage,Swedish,126.12,2
Germany,German,Same heritage,Yiddish/Hebrew,220.46,3
Germany,Magyar,3rd+ gen American,English/Not Reported,20.18,1
Germany,Magyar,Different origin,Magyar,201.0,2
Germany,Magyar,Same heritage,Magyar,856.54,10
Germany,Other,3rd+ gen American,English/Not Reported,41.15,2
Germany,Other,Different origin,Norwegian,20.49,1
Germany,Other,Different origin,Other,104.05,5
Germany,Other,Different origin,Yiddish/Hebrew,20.86,1
Germany,Other,Same heritage,Other,965.66,16
Germany,Polish,3rd+ gen American,English/Not Reported,18641.38,255
Germany,Polish,3rd+ gen American,Polish,100.0,1
Germany,Polish,Different origin,Celtic/Gaelic,20.18,1
Germany,Polish,Different origin,Czech,82.06,4
Germany,Polish,Different origin,Dutch/Flemish,100.0,1
Germany,Polish,Different origin,English,262.38,5
Germany,Polish,Different origin,French,97.67,1
Germany,Polish,Different origin,German,140.86,3
Germany,Polish,Different origin,Italian,20.04,1
Germany,Polish,Different origin,Lithuanian,140.17,3
Germany,Polish,Different origin,Magyar,119.78999999999999,2
Germany,Polish,Different origin,Polish,11873.1,161
Germany,Polish,Different origin,Romanian,100.0,1
Germany,Polish,Different origin,Serbian/Croatian,100.0,1
Germany,Polish,Different origin,Slovak,19.79,1
Germany,Polish,Different origin,Slovenian,100.0,1
Germany,Polish,Different origin,Yiddish/Hebrew,201.0,2
Germany,Polish,Same heritage,Dutch/Flemish,101.0,1
Germany,Polish,Same heritage,German,2148.62,27
Germany,Polish,Same heritage,Polish,118125.76,1282
Germany,Russian,3rd+ gen American,English/Not Reported,241.62,4
Germany,Russian,Different origin,English,102.34,1
Germany,Russian,Different origin,Russian,281.92,6
Germany,Russian,Same heritage,Russian,1018.22,10
Germany,Slovak,3rd+ gen American,English/Not Reported,19.81,1
Germany,Slovak,Different origin,Slovak,20.08,1
Germany,Slovak,Same heritage,Slovak,602.0,6
Germany,Yiddish/Hebrew,3rd+ gen American,English/Not Reported,1415.8,34
Germany,Yiddish/Hebrew,Different origin,Danish,101.0,1
Germany,Yiddish/Hebrew,Different origin,English,40.64,2
Germany,Yiddish/Hebrew,Different origin,Lithuanian,19.78,1
Germany,Yiddish/Hebrew,Different origin,Russian,20.17,1
Germany,Yiddish/Hebrew,Different origin,Spanish,100.0,1
Germany,Yiddish/Hebrew,Different origin,Yiddish/Hebrew,3361.34,71
Germany,Yiddish/Hebrew,Same heritage,German,220.46,3
Germany,Yiddish/Hebrew,Same heritage,Yiddish/Hebrew,4560.5,68
Greece,German,3rd+ gen American,English/Not Reported,159.91,4
Greece,German,Same heritage,German,645.58,8
Greece,Greek,3rd+ gen American,English,20.3,1
Greece,Greek,3rd+ gen American,English/Not Reported,26487.12,961
Greece,Greek,Different origin,Albanian,40.92,2
Greece,Greek,Different origin,Armenian,121.68,6
Greece,Greek,Different origin,Celtic/Gaelic,161.56,4
Greece,Greek,Different origin,Czech,261.67,9
Greece,Greek,Different origin,Danish,80.57,4
Greece,Greek,Different origin,Dutch/Flemish,182.34,5
Greece,Greek,Different origin,English,1967.09,57
Greece,Greek,Different origin,Finnish,81.07,4
Greece,Greek,Different origin,French,830.67,29
Greece,Greek,Different origin,German,1658.6,58
Greece,Greek,Different origin,Greek,1931.39,84
Greece,Greek,Different origin,Italian,1043.24,31
Greece,Greek,Different origin,Latvian,20.56,1
Greece,Greek,Different origin,Magyar,240.62,9
Greece,Greek,Different origin,Norwegian,220.08,7
Greece,Greek,Different origin,Other,703.27,23
Greece,Greek,Different origin,Polish,1304.2,37
Greece,Greek,Different origin,Romanian,20.5,1
Greece,Greek,Different origin,Russian,162.73,8
Greece,Greek,Different origin,Ruthenian,40.01,2
Greece,Greek,Different origin,Serbian/Croatian,141.1,3
Greece,Greek,Different origin,Slovak,401.95,8
Greece,Greek,Different origin,Slovenian,20.08,1
Greece,Greek,Different origin,Spanish,572.99,21
Greece,Greek,Different origin,Swedish,240.94,8
Greece,Greek,Different origin,Yiddish/Hebrew,40.14,2
Greece,Greek,Same heritage,Greek,117783.78,4026
Greece,Greek,Same heritage,Latvian,20.62,1
Greece,Greek,Same heritage,Other,19.91,1
Greece,Latvian,3rd+ gen American,English/Not Reported,362.95,18
Greece,Latvian,Different origin,English,20.3,1
Greece,Latvian,Different origin,Latvian,80.36,4
Greece,Latvian,Different origin,Magyar,20.74,1
Greece,Latvian,Different origin,Serbian/Croatian,20.5,1
Greece,Latvian,Different origin,Slovak,109.25,2
Greece,Latvian,Different origin,Slovenian,20.74,1
Greece,Latvian,Same heritage,Greek,20.62,1
Greece,Latvian,Same heritage,Latvian,2356.48,92
Greece,Spanish,Different origin,Other,39.92,2
Greece,Spanish,Same heritage,Spanish,804.44,24
Hungary,Czech,3rd+ gen American,English/Not Reported,243.61,8
Hungary,Czech,Different origin,Czech,282.95,6
Hungary,Czech,Different origin,German,260.77,5
Hungary,Czech,Different origin,Italian,101.0,1
Hungary,Czech,Different origin,Serbian/Croatian,100.18,1
Hungary,Czech,Same heritage,Czech,1570.38,28
Hungary,English,3rd+ gen American,English/Not Reported,335.53000000000003,5
Hungary,English,Different origin,English,121.74,2
Hungary,English,Same heritage,English,373.36,4
Hungary,English,Same heritage,Magyar,19.96,1
Hungary,German,3rd+ gen American,English/Not Reported,8994.2,270
Hungary,German,Different origin,Albanian,20.36,1
Hungary,German,Different origin,Armenian,21.87,1
Hungary,German,Different origin,Czech,512.7,14
Hungary,German,Different origin,Dutch/Flemish,60.6,3
Hungary,German,Different origin,English,244.43,8
Hungary,German,Different origin,French,19.98,1
Hungary,German,Different origin,German,13960.83,344
Hungary,German,Different origin,Greek,40.28,2
Hungary,German,Different origin,Italian,181.51999999999998,5
Hungary,German,Different origin,Lithuanian,20.1,1
Hungary,German,Different origin,Magyar,221.79999999999998,7
Hungary,German,Different origin,Other,162.95,4
Hungary,German,Different origin,Polish,363.81,10
Hungary,German,Different origin,Romanian,80.91,4
Hungary,German,Different origin,Russian,120.23,6
Hungary,German,Different origin,Serbian/Croatian,143.86,3
Hungary,German,Different origin,Slovak,121.11,6
Hungary,German,Different origin,Slovenian,60.22,3
Hungary,German,Different origin,Swedish,40.42,2
Hungary,German,Different origin,Yiddish/Hebrew,746.7,17
Hungary,German,Same heritage,German,104012.62,2006
Hungary,German,Same heritage,Magyar,3352.41,66
Hungary,German,Same heritage,Ruthenian,19.89,1
Hungary,German,Same heritage,Serbian/Croatian,120.35,2
Hungary,German,Same heritage,Slovak,200.9,2
Hungary,German,Same heritage,Yiddish/Hebrew,141.07,3
Hungary,Latvian,3rd+ gen American,English/Not Reported,40.08,2
Hungary,Latvian,Different origin,Latvian,80.62,4
Hungary,Latvian,Same heritage,Latvian,2403.22,32
Hungary,Latvian,Same heritage,Magyar,100.85,1
Hungary,Magyar,3rd+ gen American,English/Not Reported,28119.63,905
Hungary,Magyar,Different origin,Albanian,20.01,1
Hungary,Magyar,Different origin,Celtic/Gaelic,40.21,2
Hungary,Magyar,Different origin,Czech,1130.22,20
Hungary,Magyar,Different origin,Danish,20.44,1
Hungary,Magyar,Different origin,Dutch/Flemish,100.61,5
Hungary,Magyar,Different origin,English,923.83,30
Hungary,Magyar,Different origin,French,81.14,4
Hungary,Magyar,Different origin,German,11324.12,288
Hungary,Magyar,Different origin,Greek,220.54,8
Hungary,Magyar,Different origin,Italian,832.51,29
Hungary,Magyar,Different origin,Japanese,20.18,1
Hungary,Magyar,Different origin,Latvian,81.43,4
Hungary,Magyar,Different origin,Lithuanian,160.42,4
Hungary,Magyar,Different origin,Magyar,5986.9400000000005,216
Hungary,Magyar,Different origin,Other,181.3,5
Hungary,Magyar,Different origin,Polish,1967.6200000000001,58
Hungary,Magyar,Different origin,Romanian,1152.03,33
Hungary,Magyar,Different origin,Russian,2285.82,57
Hungary,Magyar,Different origin,Ruthenian,80.96,4
Hungary,Magyar,Different origin,Serbian/Croatian,927.29,26
Hungary,Magyar,Different origin,Slovak,1349.08,50
Hungary,Magyar,Different origin,Slovenian,505.25,9
Hungary,Magyar,Different origin,Spanish,220.89000000000001,7
Hungary,Magyar,Different origin,Swedish,229.84,3
Hungary,Magyar,Different origin,Yiddish/Hebrew,3404.32,105
Hungary,Magyar,Same heritage,English,19.96,1
Hungary,Magyar,Same heritage,German,3352.41,66
Hungary,Magyar,Same heritage,Latvian,100.85,1
Hungary,Magyar,Same heritage,Magyar,330408.98,7738
Hungary,Magyar,Same heritage,Romanian,224.37,3
Hungary,Magyar,Same heritage,Serbian/Croatian,401.0,4
Hungary,Magyar,Same heritage,Slovak,588.6899999999999,9
Hungary,Magyar,Same heritage,Slovenian,123.88,2
Hungary,Magyar,Same heritage,Swedish,197.97,2
Hungary,Magyar,Same heritage,Yiddish/Hebrew,239.97,4
Hungary,Other,3rd+ gen American,English/Not Reported,281.1,6
Hungary,Other,Different origin,German,20.17,1
Hungary,Other,Different origin,Other,120.52,6
Hungary,Other,Different origin,Romanian,100.95,1
Hungary,Other,Different origin,Russian,20.69,1
Hungary,Other,Same heritage,Other,3110.2599999999998,42
Hungary,Other,Same heritage,Russian,101.0,1
Hungary,Polish,3rd+ gen American,English/Not Reported,242.48,8
Hungary,Polish,Different origin,Czech,100.18,1
Hungary,Polish,Different origin,English,20.17,1
Hungary,Polish,Different origin,Italian,103.73,1
Hungary,Polish,Different origin,Polish,774.97,15
Hungary,Polish,Same heritage,Polish,2053.88,24
Hungary,Romanian,3rd+ gen American,English/Not Reported,182.18,5
Hungary,Romanian,Different origin,Romanian,40.480000000000004,2
Hungary,Romanian,Same heritage,Magyar,224.37,3
Hungary,Romanian,Same heritage,Romanian,5392.4,60
Hungary,Russian,3rd+ gen American,English/Not Reported,344.23,5
Hungary,Russian,Different origin,Russian,40.95,2
Hungary,Russian,Different origin,Ruthenian,20.45,1
Hungary,Russian,Different origin,Serbian/Croatian,20.46,1
Hungary,Russian,Same heritage,Other,101.0,1
Hungary,Russian,Same heritage,Russian,1668.28,26
Hungary,Ruthenian,3rd+ gen American,English/Not Reported,19.96,1
Hungary,Ruthenian,Different origin,Polish,20.71,1
Hungary,Ruthenian,Different origin,Ruthenian,20.23,1
Hungary,Ruthenian,Same heritage,German,19.89,1
Hungary,Ruthenian,Same heritage,Ruthenian,2292.78,24
Hungary,Serbian/Croatian,3rd+ gen American,English/Not Reported,39.81,2
Hungary,Serbian/Croatian,Different origin,German,120.14,2
Hungary,Serbian/Croatian,Different origin,Italian,19.96,1
Hungary,Serbian/Croatian,Different origin,Polish,19.7,1
Hungary,Serbian/Croatian,Different origin,Romanian,21.11,1
Hungary,Serbian/Croatian,Different origin,Serbian/Croatian,304.81,7
Hungary,Serbian/Croatian,Same heritage,German,120.35,2
Hungary,Serbian/Croatian,Same heritage,Magyar,401.0,4
Hungary,Serbian/Croatian,Same heritage,Serbian/Croatian,7287.86,84
Hungary,Slovak,3rd+ gen American,English/Not Reported,2211.79,30
Hungary,Slovak,Different origin,Czech,302.0,3
Hungary,Slovak,Different origin,German,662.34,9
Hungary,Slovak,Different origin,Greek,93.19,1
Hungary,Slovak,Different origin,Italian,220.69,3
Hungary,Slovak,Different origin,Other,40.32,2
Hungary,Slovak,Different origin,Polish,630.68,7
Hungary,Slovak,Different origin,Russian,100.17,1
Hungary,Slovak,Different origin,Slovak,1094.71,26
Hungary,Slovak,Different origin,Slovenian,20.05,1
Hungary,Slovak,Same heritage,German,200.9,2
Hungary,Slovak,Same heritage,Magyar,588.6899999999999,9
Hungary,Slovak,Same heritage,Slovak,55742.58,596
Hungary,Slovenian,3rd+ gen American,English/Not Reported,19.96,1
Hungary,Slovenian,Different origin,German,100.18,1
Hungary,Slovenian,Different origin,Russian,100.18,1
Hungary,Slovenian,Same heritage,Magyar,123.88,2
Hungary,Slovenian,Same heritage,Slovenian,2975.62,36
Hungary,Swedish,3rd+ gen American,English/Not Reported,103.49,1
Hungary,Swedish,Same heritage,Magyar,197.97,2
Hungary,Swedish,Same heritage,Swedish,603.2,6
Hungary,Yiddish/Hebrew,3rd+ gen American,English/Not Reported,3181.35,86
Hungary,Yiddish/Hebrew,Different origin,Dutch/Flemish,19.96,1
Hungary,Yiddish/Hebrew,Different origin,English,19.96,1
Hungary,Yiddish/Hebrew,Different origin,German,80.60000000000001,4
Hungary,Yiddish/Hebrew,Different origin,Lithuanian,20.18,1
Hungary,Yiddish/Hebrew,Different origin,Other,20.17,1
Hungary,Yiddish/Hebrew,Different origin,Polish,142.65,3
Hungary,Yiddish/Hebrew,Different origin,Slovak,20.3,1
Hungary,Yiddish/Hebrew,Different origin,Yiddish/Hebrew,8902.45,210
Hungary,Yiddish/Hebrew,Same heritage,German,141.07,3
Hungary,Yiddish/Hebrew,Same heritage,Magyar,239.97,4
Hungary,Yiddish/Hebrew,Same heritage,Yiddish/Hebrew,24223.34,490
Iceland,English,3rd+ gen American,English/Not Reported,303.15,3
Iceland,English,Different origin,English,221.13,3
Iceland,Other,3rd+ gen American,English/Not Reported,764.47,23
Iceland,Other,Different origin,Celtic/Gaelic,20.18,1
Iceland,Other,Different origin,Danish,119.82,2
Iceland,Other,Different origin,English,199.47,6
Iceland,Other,Different origin,French,19.38,1
Iceland,Other,Different origin,German,20.15,1
Iceland,Other,Different origin,Swedish,40.18,2
Iceland,Other,Same heritage,Other,2812.7599999999998,64
India,English,3rd+ gen American,English,20.0,1
India,English,3rd+ gen American,English/Not Reported,2257.05,68
India,English,Different origin,Celtic/Gaelic,19.87,1
India,English,Different origin,English,1240.73,37
India,English,Different origin,German,40.43,2
India,English,Different origin,Norwegian,20.17,1
India,English,Different origin,Swedish,100.0,1
India,English,Same heritage,English,228.26,4
India,Other,3rd+ gen American,English/Not Reported,615.15,15
India,Other,Different origin,English,102.05,1
India,Other,Different origin,German,83.35,1
India,Other,Different origin,Other,20.18,1
India,Other,Different origin,Russian,106.11,1
India,Other,Different origin,Spanish,201.57,10
India,Other,Same heritage,Other,40.6,2
Iran,Other,3rd+ gen American,English/Not Reported,362.8,14
Iran,Other,Different origin,Czech,20.18,1
Iran,Other,Different origin,English,140.92,3
Iran,Other,Different origin,German,40.46,2
Iran,Other,Different origin,Greek,20.18,1
Iran,Other,Different origin,Polish,20.18,1
Iran,Other,Different origin,Slovak,20.18,1
Iran,Other,Different origin,Yiddish/Hebrew,20.18,1
Iran,Other,Same heritage,Other,2133.6,98
Ireland,Celtic/Gaelic,3rd+ gen American,English/Not Reported,104607.77,1514
Ireland,Celtic/Gaelic,Different origin,Armenian,19.87,1
Ireland,Celtic/Gaelic,Different origin,Celtic/Gaelic,6362.88,79
Ireland,Celtic/Gaelic,Different origin,Czech,100.0,1
Ireland,Celtic/Gaelic,Different origin,Danish,548.77,8
Ireland,Celtic/Gaelic,Different origin,Dutch/Flemish,380.72,7
Ireland,Celtic/Gaelic,Different origin,English,14988.61,228
Ireland,Celtic/Gaelic,Different origin,French,1728.17,26
Ireland,Celtic/Gaelic,Different origin,German,4148.49,59
Ireland,Celtic/Gaelic,Different origin,Greek,120.68,2
Ireland,Celtic/Gaelic,Different origin,Italian,801.45,12
Ireland,Celtic/Gaelic,Different origin,Lithuanian,332.49,5
Ireland,Celtic/Gaelic,Different origin,Magyar,39.53,2
Ireland,Celtic/Gaelic,Different origin,Norwegian,240.93,4
Ireland,Celtic/Gaelic,Different origin,Other,122.73,2
Ireland,Celtic/Gaelic,Different origin,Polish,100.0,1
Ireland,Celtic/Gaelic,Different origin,Portuguese,103.49,1
Ireland,Celtic/Gaelic,Different origin,Russian,102.05,1
Ireland,Celtic/Gaelic,Different origin,Spanish,139.82,3
Ireland,Celtic/Gaelic,Different origin,Swedish,1264.08,15
Ireland,Celtic/Gaelic,Same heritage,Celtic/Gaelic,180338.48,2396
Ireland,Celtic/Gaelic,Same heritage,English,6631.43,100
Ireland,English,3rd+ gen American,English,445.86,14
Ireland,English,3rd+ gen American,English/Not Reported,406108.88,9223
Ireland,English,3rd+ gen American,French,40.46,2
Ireland,English,3rd+ gen American,German,20.32,1
Ireland,English,Different origin,Armenian,100.18,1
Ireland,English,Different origin,Celtic/Gaelic,2989.59,52
Ireland,English,Different origin,Czech,468.44,7
Ireland,English,Different origin,Danish,1467.38,41
Ireland,English,Different origin,Dutch/Flemish,1024.22,27
Ireland,English,Different origin,English,90065.8,2102
Ireland,English,Different origin,Finnish,120.98,6
Ireland,English,Different origin,French,4978.83,118
Ireland,English,Different origin,German,16345.38,354
Ireland,English,Different origin,Greek,852.45,18
Ireland,English,Different origin,Italian,2137.47,65
Ireland,English,Different origin,Japanese,100.0,1
Ireland,English,Different origin,Latvian,39.96,2
Ireland,English,Different origin,Lithuanian,180.13,5
Ireland,English,Different origin,Magyar,181.53,5
Ireland,English,Different origin,Norwegian,1593.21,35
Ireland,English,Different origin,Other,264.09000000000003,9
Ireland,English,Different origin,Polish,365.7,10
Ireland,English,Different origin,Portuguese,459.48,11
Ireland,English,Different origin,Romanian,140.78,3
Ireland,English,Different origin,Russian,101.77,5
Ireland,English,Different origin,Serbian/Croatian,120.41,2
Ireland,English,Different origin,Slovak,100.34,5
Ireland,English,Different origin,Spanish,682.8199999999999,18
Ireland,English,Different origin,Swedish,3173.2,78
Ireland,English,Different origin,Yiddish/Hebrew,100.17,5
Ireland,English,Same heritage,Celtic/Gaelic,6631.43,100
Ireland,English,Same heritage,English,799648.66,18002
Ireland,English,Same heritage,French,192.42000000000002,2
Ireland,English,Same heritage,German,20.5,1
Ireland,English,Same heritage,Swedish,100.6,1
Ireland,Swedish,3rd+ gen American,English/Not Reported,844.57,10
Ireland,Swedish,Different origin,English,100.6,1
Ireland,Swedish,Different origin,Swedish,98.73,1
Ireland,Swedish,Same heritage,English,100.6,1
Ireland,Swedish,Same heritage,Swedish,453.48,6
Israel/Palestine,Other,3rd+ gen American,English/Not Reported,315.32,12
Israel/Palestine,Other,Different origin,German,119.84,2
Israel/Palestine,Other,Different origin,Greek,40.71,2
Israel/Palestine,Other,Different origin,Italian,20.61,1
Israel/Palestine,Other,Different origin,Other,324.61,12
Israel/Palestine,Other,Different origin,Polish,123.04,2
Israel/Palestine,Other,Different origin,Russian,40.8,2
Israel/Palestine,Other,Different origin,Spanish,20.52,1
Israel/Palestine,Other,Different origin,Yiddish/Hebrew,242.88,12
Israel/Palestine,Other,Same heritage,German,20.22,1
Israel/Palestine,Other,Same heritage,Other,1326.2,24
Israel/Palestine,Other,Same heritage,Yiddish/Hebrew,19.96,1
Israel/Palestine,Yiddish/Hebrew,3rd+ gen American,English/Not Reported,262.48,13
Israel/Palestine,Yiddish/Hebrew,Different origin,German,119.96000000000001,2
Israel/Palestine,Yiddish/Hebrew,Different origin,Magyar,19.96,1
Israel/Palestine,Yiddish/Hebrew,Different origin,Other,20.51,1
Israel/Palestine,Yiddish/Hebrew,Different origin,Polish,40.55,2
Israel/Palestine,Yiddish/Hebrew,Different origin,Romanian,19.96,1
Israel/Palestine,Yiddish/Hebrew,Different origin,Russian,149.04,3
Israel/Palestine,Yiddish/Hebrew,Different origin,Yiddish/Hebrew,605.61,26
Israel/Palestine,Yiddish/Hebrew,Same heritage,Other,19.96,1
Israel/Palestine,Yiddish/Hebrew,Same heritage,Yiddish/Hebrew,1048.26,28
Italy,English,3rd+ gen American,English/Not Reported,1478.18,25
Italy,English,Different origin,English,351.67,6
Italy,English,Different origin,French,100.0,1
Italy,English,Different origin,German,20.52,1
Italy,English,Same heritage,English,1955.5,26
Italy,English,Same heritage,Italian,379.13,7
Italy,French,3rd+ gen American,English/Not Reported,245.63,12
Italy,French,Different origin,English,39.3,2
Italy,French,Different origin,French,244.45,5
Italy,French,Different origin,German,20.5,1
Italy,French,Same heritage,French,659.98,18
Italy,French,Same heritage,Italian,140.1,3
Italy,German,3rd+ gen American,English/Not Reported,410.27,8
Italy,German,Different origin,French,141.42,3
Italy,German,Different origin,German,174.92000000000002,5
Italy,German,Different origin,Norwegian,20.17,1
Italy,German,Same heritage,German,324.5,16
Italy,German,Same heritage,Italian,40.36,2
Italy,Greek,3rd+ gen American,English/Not Reported,122.07000000000001,6
Italy,Greek,Different origin,German,19.73,1
Italy,Greek,Different origin,Greek,141.9,7
Italy,Greek,Same heritage,Greek,559.14,20
Italy,Italian,3rd+ gen American,English,129.83,3
Italy,Italian,3rd+ gen American,English/Not Reported,295507.07,10126
Italy,Italian,3rd+ gen American,Portuguese,19.99,1
Italy,Italian,Different origin,Albanian,60.35,3
Italy,Italian,Different origin,Celtic/Gaelic,906.4100000000001,17
Italy,Italian,Different origin,Czech,710.62,23
Italy,Italian,Different origin,Danish,309.92,7
Italy,Italian,Different origin,Dutch/Flemish,511.67,13
Italy,Italian,Different origin,English,6510.32,196
Italy,Italian,Different origin,Finnish,143.31,7
Italy,Italian,Different origin,French,7169.4800000000005,194
Italy,Italian,Different origin,German,7890.15,216
Italy,Italian,Different origin,Greek,1063.32,32
Italy,Italian,Different origin,Italian,8615.57,309
Italy,Italian,Different origin,Latvian,20.32,1
Italy,Italian,Different origin,Lithuanian,221.95,7
Italy,Italian,Different origin,Magyar,953.4499999999999,31
Italy,Italian,Different origin,Norwegian,160.14000000000001,4
Italy,Italian,Different origin,Other,484.59000000000003,16
Italy,Italian,Different origin,Polish,2010.86,59
Italy,Italian,Different origin,Portuguese,808.6,28
Italy,Italian,Different origin,Romanian,19.96,1
Italy,Italian,Different origin,Russian,526.71,18
Italy,Italian,Different origin,Ruthenian,40.03,2
Italy,Italian,Different origin,Serbian/Croatian,358.97,10
Italy,Italian,Different origin,Slovak,1211.87,28
Italy,Italian,Different origin,Slovenian,441.83,18
Italy,Italian,Different origin,Spanish,2881.31,90
Italy,Italian,Different origin,Swedish,991.77,25
Italy,Italian,Different origin,Yiddish/Hebrew,1092.57,34
Italy,Italian,Same heritage,Albanian,101.0,1
Italy,Italian,Same heritage,English,379.13,7
Italy,Italian,Same heritage,French,140.1,3
Italy,Italian,Same heritage,German,40.36,2
Italy,Italian,Same heritage,Italian,2635097.2,69870
Italy,Italian,Same heritage,Polish,20.17,1
Italy,Italian,Same heritage,Spanish,20.49,1
Italy,Italian,Same heritage,Swedish,303.53999999999996,3
Italy,Serbian/Croatian,3rd+ gen American,English/Not Reported,80.66,4
Italy,Serbian/Croatian,Different origin,Serbian/Croatian,140.58,7
Italy,Serbian/Croatian,Different origin,Slovenian,20.18,1
Italy,Serbian/Croatian,Same heritage,Serbian/Croatian,641.48,32
Italy,Slovak,Different origin,English,20.1,1
Italy,Slovak,Different origin,Finnish,20.1,1
Italy,Slovak,Different origin,Slovak,139.21,3
Italy,Slovak,Same heritage,Slovak,496.1,8
Italy,Slovenian,3rd+ gen American,English/Not Reported,161.34,8
Italy,Slovenian,Different origin,German,19.96,1
Italy,Slovenian,Different origin,Polish,20.18,1
Italy,Slovenian,Different origin,Serbian/Croatian,20.5,1
Italy,Slovenian,Different origin,Slovenian,612.97,30
Italy,Slovenian,Same heritage,Slovenian,2264.02,112
Italy,Spanish,3rd+ gen American,English/Not Reported,61.01,3
Italy,Spanish,Different origin,Spanish,60.510000000000005,3
Italy,Spanish,Same heritage,Italian,20.49,1
Italy,Spanish,Same heritage,Spanish,364.14,18
Italy,Swedish,3rd+ gen American,English/Not Reported,306.0,3
Italy,Swedish,Different origin,Danish,98.22,1
Italy,Swedish,Same heritage,Italian,303.53999999999996,3
Italy,Swedish,Same heritage,Swedish,825.96,8
Japan,Japanese,3rd+ gen American,English/Not Reported,6841.2,260
Japan,Japanese,Different origin,Chinese,120.27,2
Japan,Japanese,Different origin,English,381.73,7
Japan,Japanese,Different origin,Finnish,19.96,1
Japan,Japanese,Different origin,German,393.43,8
Japan,Japanese,Different origin,Magyar,20.18,1
Japan,Japanese,Different origin,Other,20.27,1
Japan,Japanese,Different origin,Swedish,20.04,1
Japan,Japanese,Same heritage,Japanese,172376.46,4844
Korea,Other,3rd+ gen American,English/Not Reported,377.4,14
Korea,Other,3rd+ gen American,Other,20.27,1
Korea,Other,Different origin,Japanese,20.27,1
Korea,Other,Same heritage,Other,4203.38,104
Latvia,German,3rd+ gen American,English/Not Reported,502.88,21
Latvia,German,Different origin,English,60.43,3
Latvia,German,Different origin,German,202.08,10
Latvia,German,Different origin,Magyar,39.82,2
Latvia,German,Different origin,Other,20.04,1
Latvia,German,Different origin,Polish,20.14,1
Latvia,German,Different origin,Romanian,19.89,1
Latvia,German,Different origin,Russian,40.54,2
Latvia,German,Different origin,Yiddish/Hebrew,160.97,4
Latvia,German,Same heritage,German,1247.78,54
Latvia,German,Same heritage,Yiddish/Hebrew,20.15,1
Latvia,Lithuanian,3rd+ gen American,English/Not Reported,445.90999999999997,22
Latvia,Lithuanian,Different origin,Danish,40.34,2
Latvia,Lithuanian,Different origin,English,60.33,3
Latvia,Lithuanian,Different origin,Finnish,21.11,1
Latvia,Lithuanian,Different origin,German,101.03999999999999,5
Latvia,Lithuanian,Different origin,Italian,20.04,1
Latvia,Lithuanian,Different origin,Lithuanian,122.12,6
Latvia,Lithuanian,Different origin,Magyar,20.18,1
Latvia,Lithuanian,Different origin,Norwegian,20.36,1
Latvia,Lithuanian,Different origin,Polish,40.72,2
Latvia,Lithuanian,Different origin,Russian,80.62,4
Latvia,Lithuanian,Different origin,Spanish,20.3,1
Latvia,Lithuanian,Different origin,Swedish,20.17,1
Latvia,Lithuanian,Different origin,Yiddish/Hebrew,60.83,3
Latvia,Lithuanian,Same heritage,Lithuanian,4382.92,162
Latvia,Other,3rd+ gen American,English/Not Reported,181.28,5
Latvia,Other,Different origin,Other,60.89,3
Latvia,Other,Same heritage,Other,361.98,18
Latvia,Russian,3rd+ gen American,English/Not Reported,219.85000000000002,11
Latvia,Russian,Different origin,English,40.75,2
Latvia,Russian,Different origin,German,80.97,4
Latvia,Russian,Different origin,Polish,19.96,1
Latvia,Russian,Different origin,Russian,520.21,18
Latvia,Russian,Different origin,Spanish,19.96,1
Latvia,Russian,Same heritage,Russian,557.88,20
Latvia,Yiddish/Hebrew,3rd+ gen American,English/Not Reported,625.32,31
Latvia,Yiddish/Hebrew,Different origin,German,60.510000000000005,3
Latvia,Yiddish/Hebrew,Different origin,Magyar,20.04,1
Latvia,Yiddish/Hebrew,Different origin,Polish,60.18,3
Latvia,Yiddish/Hebrew,Different origin,Russian,39.519999999999996,2
Latvia,Yiddish/Hebrew,Different origin,Yiddish/Hebrew,2229.66,86
Latvia,Yiddish/Hebrew,Same heritage,German,20.15,1
Latvia,Yiddish/Hebrew,Same heritage,Yiddish/Hebrew,4845.22,192
Lebanon,Other,3rd+ gen American,English/Not Reported,40.92,2
Lebanon,Other,Different origin,Other,20.46,1
Lebanon,Other,Same heritage,Other,955.84,16
Lithuania,German,3rd+ gen American,English/Not Reported,529.35,22
Lithuania,German,Different origin,English,20.3,1
Lithuania,German,Different origin,French,40.099999999999994,2
Lithuania,German,Different origin,German,570.28,20
Lithuania,German,Different origin,Polish,40.47,2
Lithuania,German,Different origin,Russian,40.63,2
Lithuania,German,Different origin,Serbian/Croatian,20.04,1
Lithuania,German,Different origin,Yiddish/Hebrew,122.39,6
Lithuania,German,Same heritage,German,1849.16,76
Lithuania,German,Same heritage,Lithuanian,20.3,1
Lithuania,German,Same heritage,Yiddish/Hebrew,20.17,1
Lithuania,Lithuanian,3rd+ gen American,English/Not Reported,11872.83,465
Lithuania,Lithuanian,Different origin,Albanian,19.87,1
Lithuania,Lithuanian,Different origin,Celtic/Gaelic,40.620000000000005,2
Lithuania,Lithuanian,Different origin,Czech,80.36,4
Lithuania,Lithuanian,Different origin,English,221.59,11
Lithuania,Lithuanian,Different origin,Finnish,20.38,1
Lithuania,Lithuanian,Different origin,French,160.9,4
Lithuania,Lithuanian,Different origin,German,1187.59,43
Lithuania,Lithuanian,Different origin,Italian,81.00999999999999,4
Lithuania,Lithuanian,Different origin,Lithuanian,1389.27,36
Lithuania,Lithuanian,Different origin,Magyar,81.92,4
Lithuania,Lithuanian,Different origin,Norwegian,40.41,2
Lithuania,Lithuanian,Different origin,Other,20.27,1
Lithuania,Lithuanian,Different origin,Polish,3735.4900000000002,142
Lithuania,Lithuanian,Different origin,Romanian,81.67,4
Lithuania,Lithuanian,Different origin,Russian,885.55,40
Lithuania,Lithuanian,Different origin,Ruthenian,20.17,1
Lithuania,Lithuanian,Different origin,Serbian/Croatian,20.08,1
Lithuania,Lithuanian,Different origin,Slovak,235.64,8
Lithuania,Lithuanian,Different origin,Spanish,19.93,1
Lithuania,Lithuanian,Different origin,Swedish,80.56,4
Lithuania,Lithuanian,Different origin,Yiddish/Hebrew,423.11,21
Lithuania,Lithuanian,Same heritage,Finnish,20.45,1
Lithuania,Lithuanian,Same heritage,German,20.3,1
Lithuania,Lithuanian,Same heritage,Lithuanian,178418.48,5524
Lithuania,Lithuanian,Same heritage,Polish,158.87,4
Lithuania,Lithuanian,Same heritage,Russian,61.4,3
Lithuania,Lithuanian,Same heritage,Yiddish/Hebrew,60.22,3
Lithuania,Other,3rd+ gen American,English/Not Reported,594.5,13
Lithuania,Other,Different origin,English,40.349999999999994,2
Lithuania,Other,Different origin,German,40.96,2
Lithuania,Other,Different origin,Other,401.98,12
Lithuania,Other,Different origin,Russian,39.58,2
Lithuania,Other,Same heritage,Other,1374.42,38
Lithuania,Other,Same heritage,Yiddish/Hebrew,20.04,1
Lithuania,Polish,3rd+ gen American,English/Not Reported,343.94,13
Lithuania,Polish,Different origin,German,39.86,2
Lithuania,Polish,Different origin,Polish,1259.62,34
Lithuania,Polish,Different origin,Russian,145.49,3
Lithuania,Polish,Different origin,Yiddish/Hebrew,20.17,1
Lithuania,Polish,Same heritage,Lithuanian,158.87,4
Lithuania,Polish,Same heritage,Polish,4347.44,126
Lithuania,Russian,3rd+ gen American,English/Not Reported,748.21,21
Lithuania,Russian,Different origin,English,166.61,4
Lithuania,Russian,Different origin,German,243.61,4
Lithuania,Russian,Different origin,Polish,200.63,6
Lithuania,Russian,Different origin,Romanian,122.51,2
Lithuania,Russian,Different origin,Russian,1022.5,26
Lithuania,Russian,Different origin,Ruthenian,20.3,1
Lithuania,Russian,Different origin,Slovak,100.56,1
Lithuania,Russian,Different origin,Yiddish/Hebrew,100.25,5
Lithuania,Russian,Same heritage,Lithuanian,61.4,3
Lithuania,Russian,Same heritage,Romanian,20.17,1
Lithuania,Russian,Same heritage,Russian,3938.24,92
Lithuania,Russian,Same heritage,Yiddish/Hebrew,19.96,1
Lithuania,Yiddish/Hebrew,3rd+ gen American,English/Not Reported,2183.27,88
Lithuania,Yiddish/Hebrew,Different origin,English,201.34,6
Lithuania,Yiddish/Hebrew,Different origin,German,200.92,6
Lithuania,Yiddish/Hebrew,Different origin,Italian,20.17,1
Lithuania,Yiddish/Hebrew,Different origin,Lithuanian,20.49,1
Lithuania,Yiddish/Hebrew,Different origin,Other,20.18,1
Lithuania,Yiddish/Hebrew,Different origin,Polish,180.64000000000001,9
Lithuania,Yiddish/Hebrew,Different origin,Russian,262.33,13
Lithuania,Yiddish/Hebrew,Different origin,Yiddish/Hebrew,9555.91,302
Lithuania,Yiddish/Hebrew,Same heritage,German,20.17,1
Lithuania,Yiddish/Hebrew,Same heritage,Lithuanian,60.22,3
Lithuania,Yiddish/Hebrew,Same heritage,Other,20.04,1
Lithuania,Yiddish/Hebrew,Same heritage,Russian,19.96,1
Lithuania,Yiddish/Hebrew,Same heritage,Yiddish/Hebrew,26041.24,750
Luxembourg,French,3rd+ gen American,English/Not Reported,281.85,10
Luxembourg,French,Different origin,French,161.43,4
Luxembourg,French,Different origin,German,179.68,5
Luxembourg,French,Different origin,Yiddish/Hebrew,20.07,1
Luxembourg,French,Same heritage,French,500.86,8
Luxembourg,German,3rd+ gen American,English/Not Reported,4585.53,132
Luxembourg,German,Different origin,Czech,120.49000000000001,2
Luxembourg,German,Different origin,Dutch/Flemish,20.42,1
Luxembourg,German,Different origin,English,205.22,6
Luxembourg,German,Different origin,French,340.72,9
Luxembourg,German,Different origin,German,2294.63,52
Luxembourg,German,Different origin,Italian,135.3,3
Luxembourg,German,Different origin,Swedish,20.85,1
Luxembourg,German,Same heritage,Dutch/Flemish,19.9,1
Luxembourg,German,Same heritage,German,6292.42,156
Malta,English,3rd+ gen American,English/Not Reported,40.06,2
Malta,English,Different origin,English,80.93,4
Malta,English,Different origin,German,20.52,1
Malta,English,Different origin,Norwegian,20.17,1
Malta,English,Same heritage,English,362.66,10
Malta,English,Same heritage,Other,20.3,1
Malta,Other,3rd+ gen American,English,20.3,1
Malta,Other,3rd+ gen American,English/Not Reported,162.67000000000002,8
Malta,Other,Different origin,English,102.33,5
Malta,Other,Different origin,French,21.11,1
Malta,Other,Different origin,German,40.34,2
Malta,Other,Different origin,Italian,20.3,1
Malta,Other,Different origin,Other,20.3,1
Malta,Other,Different origin,Spanish,20.3,1
Malta,Other,Same heritage,English,20.3,1
Malta,Other,Same heritage,French,20.3,1
Malta,Other,Same heritage,Other,1057.32,52
Mexico,English,3rd+ gen American,English,20.28,1
Mexico,English,3rd+ gen American,English/Not Reported,1213.39,36
Mexico,English,Different origin,English,168.8,4
Mexico,English,Different origin,Lithuanian,20.14,1
Mexico,English,Same heritage,English,410.6,6
Mexico,English,Same heritage,Spanish,146.2,4
Mexico,German,3rd+ gen American,English/Not Reported,261.35,5
Mexico,German,Same heritage,German,240.4,4
Mexico,Other,3rd+ gen American,English/Not Reported,141.15,3
Mexico,Other,Different origin,Other,100.17,1
Mexico,Other,Different origin,Spanish,20.3,1
Mexico,Other,Same heritage,Other,1567.9,30
Mexico,Other,Same heritage,Spanish,100.0,1
Mexico,Spanish,3rd+ gen American,English,81.4,4
Mexico,Spanish,3rd+ gen American,English/Not Reported,92107.68,2954
Mexico,Spanish,3rd+ gen American,German,201.9,2
Mexico,Spanish,3rd+ gen American,Spanish,180.62,9
Mexico,Spanish,Different origin,Armenian,19.02,1
Mexico,Spanish,Different origin,Celtic/Gaelic,60.769999999999996,3
Mexico,Spanish,Different origin,Chinese,40.5,2
Mexico,Spanish,Different origin,Czech,40.32,2
Mexico,Spanish,Different origin,Danish,60.36,3
Mexico,Spanish,Different origin,Dutch/Flemish,247.97,4
Mexico,Spanish,Different origin,English,984.29,21
Mexico,Spanish,Different origin,French,408.7,8
Mexico,Spanish,Different origin,German,962.15,20
Mexico,Spanish,Different origin,Greek,351.39,14
Mexico,Spanish,Different origin,Italian,571.03,24
Mexico,Spanish,Different origin,Latvian,20.62,1
Mexico,Spanish,Different origin,Lithuanian,19.93,1
Mexico,Spanish,Different origin,Magyar,80.86,4
Mexico,Spanish,Different origin,Norwegian,19.93,1
Mexico,Spanish,Different origin,Other,423.74,21
Mexico,Spanish,Different origin,Polish,20.14,1
Mexico,Spanish,Different origin,Portuguese,60.75,3
Mexico,Spanish,Different origin,Russian,40.56,2
Mexico,Spanish,Different origin,Serbian/Croatian,100.81,1
Mexico,Spanish,Different origin,Slovak,20.62,1
Mexico,Spanish,Different origin,Spanish,2499.57,86
Mexico,Spanish,Different origin,Swedish,100.78,5
Mexico,Spanish,Same heritage,English,146.2,4
Mexico,Spanish,Same heritage,Other,100.0,1
Mexico,Spanish,Same heritage,Spanish,517378.7,15876
Mexico,Spanish,Same heritage,Swedish,100.23,1
Mexico,Swedish,3rd+ gen American,English/Not Reported,288.59000000000003,3
Mexico,Swedish,Same heritage,Spanish,100.23,1
Mexico,Swedish,Same heritage,Swedish,1197.6200000000001,12
Netherlands,Dutch/Flemish,3rd+ gen American,English,20.3,1
Netherlands,Dutch/Flemish,3rd+ gen American,English/Not Reported,68378.21,1837
Netherlands,Dutch/Flemish,Different origin,Celtic/Gaelic,491.29,9
Netherlands,Dutch/Flemish,Different origin,Czech,20.08,1
Netherlands,Dutch/Flemish,Different origin,Danish,563.51,8
Netherlands,Dutch/Flemish,Different origin,Dutch/Flemish,2291.46,62
Netherlands,Dutch/Flemish,Different origin,English,3891.84,86
Netherlands,Dutch/Flemish,Different origin,Finnish,60.86,3
Netherlands,Dutch/Flemish,Different origin,French,1075.54,20
Netherlands,Dutch/Flemish,Different origin,German,6922.66,161
Netherlands,Dutch/Flemish,Different origin,Greek,122.33000000000001,2
Netherlands,Dutch/Flemish,Different origin,Italian,310.53,7
Netherlands,Dutch/Flemish,Different origin,Lithuanian,20.63,1
Netherlands,Dutch/Flemish,Different origin,Magyar,221.33,7
Netherlands,Dutch/Flemish,Different origin,Norwegian,141.42,7
Netherlands,Dutch/Flemish,Different origin,Other,20.49,1
Netherlands,Dutch/Flemish,Different origin,Polish,487.99,12
Netherlands,Dutch/Flemish,Different origin,Portuguese,20.27,1
Netherlands,Dutch/Flemish,Different origin,Romanian,20.18,1
Netherlands,Dutch/Flemish,Different origin,Russian,60.31,3
Netherlands,Dutch/Flemish,Different origin,Serbian/Croatian,19.96,1
Netherlands,Dutch/Flemish,Different origin,Slovak,120.45,2
Netherlands,Dutch/Flemish,Different origin,Spanish,167.97,4
Netherlands,Dutch/Flemish,Different origin,Swedish,284.39,7
Netherlands,Dutch/Flemish,Different origin,Yiddish/Hebrew,159.87,4
Netherlands,Dutch/Flemish,Same heritage,Dutch/Flemish,161447.62,3834
Netherlands,Dutch/Flemish,Same heritage,English,108.74,1
Netherlands,Dutch/Flemish,Same heritage,Finnish,100.0,1
Netherlands,Dutch/Flemish,Same heritage,German,119.97,2
Netherlands,English,3rd+ gen American,English/Not Reported,880.04,15
Netherlands,English,Different origin,English,319.59000000000003,8
Netherlands,English,Different origin,French,105.85,1
Netherlands,English,Different origin,Magyar,20.5,1
Netherlands,English,Same heritage,Dutch/Flemish,108.74,1
Netherlands,English,Same heritage,English,200.34,2
Netherlands,Finnish,3rd+ gen American,English/Not Reported,302.33,3
Netherlands,Finnish,Same heritage,Dutch/Flemish,100.0,1
Netherlands,Finnish,Same heritage,Finnish,400.0,4
Netherlands,German,3rd+ gen American,English/Not Reported,2276.86,57
Netherlands,German,Different origin,Danish,20.18,1
Netherlands,German,Different origin,Dutch/Flemish,21.31,1
Netherlands,German,Different origin,French,20.14,1
Netherlands,German,Different origin,German,1322.83,30
Netherlands,German,Different origin,Magyar,120.53999999999999,2
Netherlands,German,Different origin,Norwegian,20.17,1
Netherlands,German,Different origin,Swedish,19.99,1
Netherlands,German,Same heritage,Dutch/Flemish,119.97,2
Netherlands,German,Same heritage,German,806.32,24
Norway,Danish,3rd+ gen American,English/Not Reported,120.61,6
Norway,Danish,Different origin,Danish,201.13,6
Norway,Danish,Different origin,English,20.5,1
Norway,Danish,Different origin,Swedish,20.05,1
Norway,Danish,Same heritage,Danish,529.86,12
Norway,English,3rd+ gen American,English/Not Reported,1287.5,25
Norway,English,Different origin,Danish,41.21,2
Norway,English,Different origin,English,240.55,4
Norway,English,Different origin,Swedish,40.08,2
Norway,English,Same heritage,Norwegian,40.66,2
Norway,Finnish,3rd+ gen American,English/Not Reported,227.01,3
Norway,Finnish,Different origin,English,106.87,1
Norway,Finnish,Different origin,Finnish,326.62,8
Norway,Finnish,Different origin,Swedish,20.23,1
Norway,Finnish,Same heritage,Finnish,242.28,4
Norway,Norwegian,3rd+ gen American,English,40.81,2
Norway,Norwegian,3rd+ gen American,English/Not Reported,175349.69,4404
Norway,Norwegian,3rd+ gen American,Norwegian,40.13,2
Norway,Norwegian,3rd+ gen American,Spanish,19.85,1
Norway,Norwegian,Different origin,Celtic/Gaelic,300.76,7
Norway,Norwegian,Different origin,Czech,181.28,5
Norway,Norwegian,Different origin,Danish,10302.74,231
Norway,Norwegian,Different origin,Dutch/Flemish,300.93,11
Norway,Norwegian,Different origin,English,9912.82,215
Norway,Norwegian,Different origin,Finnish,1734.54,46
Norway,Norwegian,Different origin,French,643.64,20
Norway,Norwegian,Different origin,German,8178.21,176
Norway,Norwegian,Different origin,Greek,220.08,7
Norway,Norwegian,Different origin,Italian,160.14000000000001,4
Norway,Norwegian,Different origin,Lithuanian,60.769999999999996,3
Norway,Norwegian,Different origin,Norwegian,593.0,18
Norway,Norwegian,Different origin,Other,147.28,3
Norway,Norwegian,Different origin,Polish,61.15,3
Norway,Norwegian,Different origin,Portuguese,20.27,1
Norway,Norwegian,Different origin,Romanian,20.49,1
Norway,Norwegian,Different origin,Russian,40.56,2
Norway,Norwegian,Different origin,Serbian/Croatian,145.69,3
Norway,Norwegian,Different origin,Slovak,21.8,1
Norway,Norwegian,Different origin,Slovenian,19.52,1
Norway,Norwegian,Different origin,Spanish,80.02,4
Norway,Norwegian,Different origin,Swedish,38310.72,906
Norway,Norwegian,Different origin,Yiddish/Hebrew,100.17,1
Norway,Norwegian,Same heritage,English,40.66,2
Norway,Norwegian,Same heritage,Norwegian,403565.2,8658
Norway,Norwegian,Same heritage,Other,20.03,1
Norway,Norwegian,Same heritage,Swedish,596.66,9
Norway,Swedish,3rd+ gen American,English/Not Reported,1431.45,38
Norway,Swedish,Different origin,English,80.58,4
Norway,Swedish,Different origin,Finnish,20.24,1
Norway,Swedish,Different origin,French,19.96,1
Norway,Swedish,Different origin,Swedish,1318.2,29
Norway,Swedish,Same heritage,Norwegian,596.66,9
Norway,Swedish,Same heritage,Swedish,572.48,12
Pacific Islands,English,3rd+ gen American,English/Not Reported,427.67,5
Pacific Islands,English,Different origin,English,101.0,1
Pacific Islands,English,Different origin,Yiddish/Hebrew,100.0,1
Philippines,English,3rd+ gen American,English/Not Reported,537.15,18
Philippines,English,Different origin,English,20.07,1
Philippines,English,Different origin,Italian,20.17,1
Philippines,English,Same heritage,English,81.06,4
Philippines,Other,3rd+ gen American,English/Not Reported,2079.04,91
Philippines,Other,Different origin,English,181.84,5
Philippines,Other,Different origin,French,95.71,1
Philippines,Other,Different origin,German,40.34,2
Philippines,Other,Different origin,Other,20.51,1
Philippines,Other,Different origin,Portuguese,215.66,3
Philippines,Other,Different origin,Spanish,100.81,5
Philippines,Other,Same heritage,Other,14399.3,538
Philippines,Spanish,3rd+ gen American,English,20.52,1
Philippines,Spanish,3rd+ gen American,English/Not Reported,1076.55,53
Philippines,Spanish,Different origin,English,20.11,1
Philippines,Spanish,Different origin,Polish,40.29,2
Philippines,Spanish,Different origin,Spanish,202.12,6
Philippines,Spanish,Same heritage,Spanish,201.29999999999998,10
Poland,Czech,3rd+ gen American,English/Not Reported,384.0,11
Poland,Czech,Different origin,Czech,300.03,7
Poland,Czech,Different origin,German,89.18,1
Poland,Czech,Different origin,Russian,40.64,2
Poland,Czech,Different origin,Slovak,105.89,1
Poland,Czech,Different origin,Yiddish/Hebrew,20.11,1
Poland,Czech,Same heritage,Czech,1634.96,58
Poland,Czech,Same heritage,German,104.56,1
Poland,Czech,Same heritage,Polish,81.31,4
Poland,English,3rd+ gen American,English/Not Reported,503.13,13
Poland,English,Different origin,English,303.31,7
Poland,English,Different origin,Ruthenian,20.12,1
Poland,English,Same heritage,English,244.76,4
Poland,English,Same heritage,German,93.46,1
Poland,English,Same heritage,Polish,125.74000000000001,2
Poland,German,3rd+ gen American,English/Not Reported,23909.97,470
Poland,German,3rd+ gen American,German,20.55,1
Poland,German,Different origin,Czech,163.32,4
Poland,German,Different origin,Danish,163.43,4
Poland,German,Different origin,Dutch/Flemish,19.34,1
Poland,German,Different origin,English,900.96,25
Poland,German,Different origin,French,364.85,6
Poland,German,Different origin,German,20528.28,410
Poland,German,Different origin,Greek,40.57,2
Poland,German,Different origin,Italian,39.900000000000006,2
Poland,German,Different origin,Lithuanian,20.5,1
Poland,German,Different origin,Magyar,363.16,10
Poland,German,Different origin,Other,60.1,3
Poland,German,Different origin,Romanian,80.61,4
Poland,German,Different origin,Russian,345.87,13
Poland,German,Different origin,Ruthenian,20.18,1
Poland,German,Different origin,Serbian/Croatian,20.06,1
Poland,German,Different origin,Slovak,19.96,1
Poland,German,Different origin,Swedish,333.29,5
Poland,German,Different origin,Yiddish/Hebrew,510.32,9
Poland,German,Same heritage,Czech,104.56,1
Poland,German,Same heritage,English,93.46,1
Poland,German,Same heritage,German,64603.18,1250
Poland,German,Same heritage,Polish,1366.42,43
Poland,German,Same heritage,Russian,261.91,5
Poland,German,Same heritage,Ruthenian,20.63,1
Poland,German,Same heritage,Yiddish/Hebrew,223.04000000000002,7
Poland,Greek,3rd+ gen American,English/Not Reported,145.93,3
Poland,Greek,Different origin,Greek,125.97999999999999,2
Poland,Greek,Different origin,Slovak,20.06,1
Poland,Greek,Same heritage,Greek,1263.64,20
Poland,Greek,Same heritage,Polish,105.89,1
Poland,Greek,Same heritage,Slovak,105.89,1
Poland,Lithuanian,3rd+ gen American,English/Not Reported,377.17,7
Poland,Lithuanian,Different origin,German,20.38,1
Poland,Lithuanian,Different origin,Lithuanian,433.92,9
Poland,Lithuanian,Different origin,Russian,19.97,1
Poland,Lithuanian,Different origin,Slovak,115.6,2
Poland,Lithuanian,Same heritage,Lithuanian,2549.18,54
Poland,Lithuanian,Same heritage,Polish,471.32,11
Poland,Lithuanian,Same heritage,Russian,20.12,1
Poland,Magyar,3rd+ gen American,English/Not Reported,266.01,5
Poland,Magyar,Different origin,Magyar,208.38,6
Poland,Magyar,Same heritage,Magyar,283.22,14
Poland,Magyar,Same heritage,Polish,123.52000000000001,2
Poland,Magyar,Same heritage,Russian,40.620000000000005,2
Poland,Other,3rd+ gen American,English/Not Reported,991.02,37
Poland,Other,Different origin,English,40.34,2
Poland,Other,Different origin,German,101.41,5
Poland,Other,Different origin,Magyar,100.6,1
Poland,Other,Different origin,Other,2554.42,83
Poland,Other,Different origin,Russian,281.77,6
Poland,Other,Different origin,Yiddish/Hebrew,20.17,1
Poland,Other,Same heritage,Other,9280.56,266
Poland,Other,Same heritage,Polish,146.34,3
Poland,Other,Same heritage,Russian,40.29,2
Poland,Other,Same heritage,Yiddish/Hebrew,60.33,3
Poland,Polish,3rd+ gen American,English,39.97,2
Poland,Polish,3rd+ gen American,English/Not Reported,134199.1,4697
Poland,Polish,3rd+ gen American,French,20.11,1
Poland,Polish,3rd+ gen American,Polish,161.39000000000001,4
Poland,Polish,Different origin,Albanian,21.11,1
Poland,Polish,Different origin,Armenian,81.12,4
Poland,Polish,Different origin,Celtic/Gaelic,40.41,2
Poland,Polish,Different origin,Chinese,123.05000000000001,2
Poland,Polish,Different origin,Czech,2088.32,66
Poland,Polish,Different origin,Danish,323.21000000000004,8
Poland,Polish,Different origin,Dutch/Flemish,469.26,15
Poland,Polish,Different origin,English,2039.59,64
Poland,Polish,Different origin,French,888.48,24
Poland,Polish,Different origin,German,11618.11,363
Poland,Polish,Different origin,Greek,1079.92,34
Poland,Polish,Different origin,Italian,1323.31,49
Poland,Polish,Different origin,Latvian,100.85000000000001,5
Poland,Polish,Different origin,Lithuanian,4102.22,148
Poland,Polish,Different origin,Magyar,1620.21,52
Poland,Polish,Different origin,Norwegian,61.15,3
Poland,Polish,Different origin,Other,427.31,13
Poland,Polish,Different origin,Polish,14299.48,352
Poland,Polish,Different origin,Portuguese,60.58,3
Poland,Polish,Different origin,Romanian,1061.22,37
Poland,Polish,Different origin,Russian,10773.86,414
Poland,Polish,Different origin,Ruthenian,790.89,27
Poland,Polish,Different origin,Serbian/Croatian,682.36,22
Poland,Polish,Different origin,Slovak,3827.43,123
Poland,Polish,Different origin,Slovenian,262.28,13
Poland,Polish,Different origin,Spanish,141.38,7
Poland,Polish,Different origin,Swedish,261.76,13
Poland,Polish,Different origin,Yiddish/Hebrew,5143.150000000001,175
Poland,Polish,Same heritage,Czech,81.31,4
Poland,Polish,Same heritage,English,125.74000000000001,2
Poland,Polish,Same heritage,German,1366.42,43
Poland,Polish,Same heritage,Greek,105.89,1
Poland,Polish,Same heritage,Lithuanian,471.32,11
Poland,Polish,Same heritage,Magyar,123.52000000000001,2
Poland,Polish,Same heritage,Other,146.34,3
Poland,Polish,Same heritage,Polish,1164493.3800000001,33990
Poland,Polish,Same heritage,Russian,1847.3,58
Poland,Polish,Same heritage,Ruthenian,1193.82,47
Poland,Polish,Same heritage,Slovak,221.38,7
Poland,Polish,Same heritage,Yiddish/Hebrew,627.05,27
Poland,Russian,3rd+ gen American,English/Not Reported,3203.89,91
Poland,Russian,Different origin,Czech,101.56,5
Poland,Russian,Different origin,English,297.03999999999996,7
Poland,Russian,Different origin,German,324.04,12
Poland,Russian,Different origin,Greek,40.72,2
Poland,Russian,Different origin,Italian,40.33,2
Poland,Russian,Different origin,Lithuanian,101.4,5
Poland,Russian,Different origin,Magyar,139.62,3
Poland,Russian,Different origin,Other,59.13,3
Poland,Russian,Different origin,Polish,361.17,6
Poland,Russian,Different origin,Romanian,205.24,2
Poland,Russian,Different origin,Russian,3523.95,105
Poland,Russian,Different origin,Ruthenian,99.86,5
Poland,Russian,Different origin,Serbian/Croatian,39.18,2
Poland,Russian,Different origin,Slovak,141.19,7
Poland,Russian,Different origin,Slovenian,20.21,1
Poland,Russian,Different origin,Swedish,20.45,1
Poland,Russian,Different origin,Yiddish/Hebrew,100.75,5
Poland,Russian,Same heritage,German,261.91,5
Poland,Russian,Same heritage,Lithuanian,20.12,1
Poland,Russian,Same heritage,Magyar,40.620000000000005,2
Poland,Russian,Same heritage,Other,40.29,2
Poland,Russian,Same heritage,Polish,1847.3,58
Poland,Russian,Same heritage,Russian,34456.16,878
Poland,Russian,Same heritage,Ruthenian,20.49,1
Poland,Russian,Same heritage,Serbian/Croatian,20.07,1
Poland,Russian,Same heritage,Yiddish/Hebrew,181.13,9
Poland,Ruthenian,3rd+ gen American,English/Not Reported,1897.26,68
Poland,Ruthenian,Different origin,Czech,100.18,1
Poland,Ruthenian,Different origin,English,20.3,1
Poland,Ruthenian,Different origin,French,21.08,1
Poland,Ruthenian,Different origin,German,141.91,7
Poland,Ruthenian,Different origin,Italian,20.07,1
Poland,Ruthenian,Different origin,Lithuanian,20.3,1
Poland,Ruthenian,Different origin,Romanian,20.3,1
Poland,Ruthenian,Different origin,Russian,611.35,22
Poland,Ruthenian,Different origin,Ruthenian,1173.69,42
Poland,Ruthenian,Different origin,Serbian/Croatian,20.04,1
Poland,Ruthenian,Different origin,Slovak,80.64,4
Poland,Ruthenian,Different origin,Yiddish/Hebrew,140.98,2
Poland,Ruthenian,Same heritage,German,20.63,1
Poland,Ruthenian,Same heritage,Polish,1193.82,47
Poland,Ruthenian,Same heritage,Russian,20.49,1
Poland,Ruthenian,Same heritage,Ruthenian,44448.88,1574
Poland,Slovak,3rd+ gen American,English/Not Reported,435.95,14
Poland,Slovak,Different origin,German,20.25,1
Poland,Slovak,Different origin,Italian,98.48,1
Poland,Slovak,Different origin,Russian,39.91,2
Poland,Slovak,Different origin,Ruthenian,20.15,1
Poland,Slovak,Different origin,Slovak,568.04,16
Poland,Slovak,Different origin,Slovenian,20.04,1
Poland,Slovak,Same heritage,Greek,105.89,1
Poland,Slovak,Same heritage,Polish,221.38,7
Poland,Slovak,Same heritage,Slovak,3892.9,80
Poland,Yiddish/Hebrew,3rd+ gen American,English/Not Reported,13724.53,543
Poland,Yiddish/Hebrew,3rd+ gen American,Yiddish/Hebrew,19.96,1
Poland,Yiddish/Hebrew,Different origin,Czech,20.3,1
Poland,Yiddish/Hebrew,Different origin,Dutch/Flemish,20.56,1
Poland,Yiddish/Hebrew,Different origin,English,972.3,40
Poland,Yiddish/Hebrew,Different origin,French,40.370000000000005,2
Poland,Yiddish/Hebrew,Different origin,German,1255.17,50
Poland,Yiddish/Hebrew,Different origin,Greek,19.96,1
Poland,Yiddish/Hebrew,Different origin,Italian,60.510000000000005,3
Poland,Yiddish/Hebrew,Different origin,Lithuanian,60.510000000000005,3
Poland,Yiddish/Hebrew,Different origin,Magyar,483.18,20
Poland,Yiddish/Hebrew,Different origin,Other,60.17,3
Poland,Yiddish/Hebrew,Different origin,Romanian,406.01,12
Poland,Yiddish/Hebrew,Different origin,Russian,1262.13,43
Poland,Yiddish/Hebrew,Different origin,Serbian/Croatian,20.25,1
Poland,Yiddish/Hebrew,Different origin,Slovak,19.96,1
Poland,Yiddish/Hebrew,Different origin,Spanish,20.3,1
Poland,Yiddish/Hebrew,Different origin,Yiddish/Hebrew,41620.340000000004,1496
Poland,Yiddish/Hebrew,Same heritage,German,223.04000000000002,7
Poland,Yiddish/Hebrew,Same heritage,Other,60.33,3
Poland,Yiddish/Hebrew,Same heritage,Polish,627.05,27
Poland,Yiddish/Hebrew,Same heritage,Russian,181.13,9
Poland,Yiddish/Hebrew,Same heritage,Yiddish/Hebrew,187039.96,6594
Portugal,Portuguese,3rd+ gen American,English/Not Reported,29582.85,895
Portugal,Portuguese,3rd+ gen American,Portuguese,166.91,4
Portugal,Portuguese,Different origin,Celtic/Gaelic,300.35,3
Portugal,Portuguese,Different origin,Danish,101.64,1
Portugal,Portuguese,Different origin,Dutch/Flemish,20.27,1
Portugal,Portuguese,Different origin,English,1370.14,32
Portugal,Portuguese,Different origin,French,783.0,11
Portugal,Portuguese,Different origin,German,279.97,6
Portugal,Portuguese,Different origin,Italian,749.78,25
Portugal,Portuguese,Different origin,Magyar,101.1,1
Portugal,Portuguese,Different origin,Norwegian,20.27,1
Portugal,Portuguese,Different origin,Other,215.66,3
Portugal,Portuguese,Different origin,Polish,60.58,3
Portugal,Portuguese,Different origin,Portuguese,1003.43,38
Portugal,Portuguese,Different origin,Russian,106.27,1
Portugal,Portuguese,Different origin,Slovak,39.93,2
Portugal,Portuguese,Different origin,Spanish,541.98,19
Portugal,Portuguese,Different origin,Swedish,19.93,1
Portugal,Portuguese,Same heritage,English,19.93,1
Portugal,Portuguese,Same heritage,Portuguese,149142.94,3776
Puerto Rico,English,3rd+ gen American,English/Not Reported,424.07,21
Puerto Rico,English,Different origin,English,100.0,1
Puerto Rico,English,Different origin,German,20.23,1
Puerto Rico,English,Different origin,Yiddish/Hebrew,19.16,1
Puerto Rico,English,Same heritage,English,241.78,12
Puerto Rico,French,3rd+ gen American,English/Not Reported,117.88,2
Puerto Rico,French,Different origin,Chinese,101.64,1
Puerto Rico,French,Different origin,French,103.49,1
Puerto Rico,French,Different origin,Other,95.71,1
Puerto Rico,French,Different origin,Polish,101.35,1
Puerto Rico,French,Different origin,Portuguese,101.64,1
Puerto Rico,French,Different origin,Spanish,20.52,1
Puerto Rico,French,Same heritage,French,1613.18,16
Puerto Rico,Other,3rd+ gen American,English/Not Reported,264.73,13
Puerto Rico,Other,Different origin,Other,40.83,2
Puerto Rico,Other,Different origin,Spanish,20.02,1
Puerto Rico,Other,Same heritage,Other,689.0600000000001,34
Puerto Rico,Portuguese,3rd+ gen American,English/Not Reported,121.04,6
Puerto Rico,Portuguese,Different origin,Portuguese,20.27,1
Puerto Rico,Portuguese,Different origin,Spanish,20.27,1
Puerto Rico,Portuguese,Same heritage,Portuguese,683.22,34
Puerto Rico,Spanish,3rd+ gen American,English/Not Reported,2715.64,94
Puerto Rico,Spanish,Different origin,Dutch/Flemish,60.64,3
Puerto Rico,Spanish,Different origin,English,223.35,11
Puerto Rico,Spanish,Different origin,French,40.6,2
Puerto Rico,Spanish,Different origin,German,40.44,2
Puerto Rico,Spanish,Different origin,Italian,40.47,2
Puerto Rico,Spanish,Different origin,Norwegian,20.17,1
Puerto Rico,Spanish,Different origin,Portuguese,80.83,4
Puerto Rico,Spanish,Different origin,Spanish,1801.73,69
Puerto Rico,Spanish,Same heritage,Polish,20.17,1
Puerto Rico,Spanish,Same heritage,Spanish,18665.100000000002,834
Puerto Rico,Spanish,Same heritage,Yiddish/Hebrew,40.47,2
Romania,English,3rd+ gen American,English/Not Reported,402.11,8
Romania,English,Different origin,English,20.05,1
Romania,English,Different origin,German,100.0,1
Romania,English,Different origin,Russian,20.04,1
Romania,English,Different origin,Yiddish/Hebrew,19.96,1
Romania,English,Same heritage,Yiddish/Hebrew,102.34,1
Romania,German,3rd+ gen American,English,21.08,1
Romania,German,3rd+ gen American,English/Not Reported,2978.22,112
Romania,German,Different origin,Czech,60.78,3
Romania,German,Different origin,Danish,19.79,1
Romania,German,Different origin,English,39.36,2
Romania,German,Different origin,French,60.620000000000005,3
Romania,German,Different origin,German,4635.58,171
Romania,German,Different origin,Lithuanian,20.5,1
Romania,German,Different origin,Magyar,221.82,7
Romania,German,Different origin,Other,20.18,1
Romania,German,Different origin,Polish,244.18,8
Romania,German,Different origin,Russian,140.48,3
Romania,German,Different origin,Serbian/Croatian,20.46,1
Romania,German,Different origin,Slovak,80.99,4
Romania,German,Different origin,Swedish,20.18,1
Romania,German,Different origin,Yiddish/Hebrew,241.88,8
Romania,German,Same heritage,German,17582.1,728
Romania,German,Same heritage,Romanian,160.09,4
Romania,German,Same heritage,Ruthenian,20.07,1
Romania,German,Same heritage,Slovak,20.3,1
Romania,German,Same heritage,Yiddish/Hebrew,20.17,1
Romania,Magyar,3rd+ gen American,English/Not Reported,685.0600000000001,30
Romania,Magyar,Different origin,Czech,40.8,2
Romania,Magyar,Different origin,German,243.83,8
Romania,Magyar,Different origin,Magyar,2364.54,81
Romania,Magyar,Different origin,Russian,97.89,1
Romania,Magyar,Different origin,Slovak,20.42,1
Romania,Magyar,Different origin,Yiddish/Hebrew,40.44,2
Romania,Magyar,Same heritage,Magyar,6485.52,240
Romania,Magyar,Same heritage,Romanian,40.68,2
Romania,Magyar,Same heritage,Yiddish/Hebrew,20.5,1
Romania,Other,3rd+ gen American,English/Not Reported,487.36,13
Romania,Other,Different origin,English,20.3,1
Romania,Other,Different origin,German,19.83,1
Romania,Other,Different origin,Italian,20.17,1
Romania,Other,Different origin,Magyar,20.42,1
Romania,Other,Different origin,Other,862.1,27
Romania,Other,Different origin,Russian,39.99,2
Romania,Other,Same heritage,Other,1613.48,36
Romania,Other,Same heritage,Romanian,20.17,1
Romania,Polish,3rd+ gen American,English/Not Reported,40.22,2
Romania,Polish,Different origin,Polish,350.75,9
Romania,Polish,Different origin,Romanian,20.18,1
Romania,Polish,Different origin,Russian,140.6,3
Romania,Polish,Different origin,Slovak,20.08,1
Romania,Polish,Same heritage,Polish,327.26,8
Romania,Romanian,3rd+ gen American,English/Not Reported,7121.43,264
Romania,Romanian,Different origin,Czech,80.78,4
Romania,Romanian,Different origin,Danish,20.17,1
Romania,Romanian,Different origin,Dutch/Flemish,40.51,2
Romania,Romanian,Different origin,English,639.51,20
Romania,Romanian,Different origin,French,221.76,7
Romania,Romanian,Different origin,German,2155.34,67
Romania,Romanian,Different origin,Greek,20.5,1
Romania,Romanian,Different origin,Italian,19.96,1
Romania,Romanian,Different origin,Latvian,61.39,3
Romania,Romanian,Different origin,Lithuanian,201.79000000000002,6
Romania,Romanian,Different origin,Magyar,1030.56,31
Romania,Romanian,Different origin,Norwegian,20.49,1
Romania,Romanian,Different origin,Other,349.14,5
Romania,Romanian,Different origin,Polish,1810.21,50
Romania,Romanian,Different origin,Romanian,424.13,17
Romania,Romanian,Different origin,Russian,3473.65,99
Romania,Romanian,Different origin,Serbian/Croatian,81.45,4
Romania,Romanian,Different origin,Slovak,101.67,5
Romania,Romanian,Different origin,Slovenian,39.88,2
Romania,Romanian,Different origin,Swedish,20.18,1
Romania,Romanian,Different origin,Yiddish/Hebrew,3454.27,104
Romania,Romanian,Same heritage,German,160.09,4
Romania,Romanian,Same heritage,Magyar,40.68,2
Romania,Romanian,Same heritage,Other,20.17,1
Romania,Romanian,Same heritage,Romanian,51536.7,1500
Romania,Romanian,Same heritage,Russian,39.980000000000004,2
Romania,Romanian,Same heritage,Yiddish/Hebrew,200.49,6
Romania,Russian,3rd+ gen American,English/Not Reported,243.91,8
Romania,Russian,Different origin,German,40.61,2
Romania,Russian,Different origin,Other,41.19,2
Romania,Russian,Different origin,Polish,101.25999999999999,5
Romania,Russian,Different origin,Portuguese,20.17,1
Romania,Russian,Different origin,Russian,427.59,17
Romania,Russian,Different origin,Yiddish/Hebrew,20.07,1
Romania,Russian,Same heritage,Romanian,39.980000000000004,2
Romania,Russian,Same heritage,Russian,723.48,28
Romania,Ruthenian,3rd+ gen American,English/Not Reported,40.26,2
Romania,Ruthenian,Different origin,Magyar,20.28,1
Romania,Ruthenian,Different origin,Polish,40.19,2
Romania,Ruthenian,Different origin,Ruthenian,145.61,7
Romania,Ruthenian,Different origin,Serbian/Croatian,20.11,1
Romania,Ruthenian,Same heritage,German,20.07,1
Romania,Ruthenian,Same heritage,Ruthenian,715.5799999999999,18
Romania,Serbian/Croatian,3rd+ gen American,English/Not Reported,20.15,1
Romania,Serbian/Croatian,Different origin,German,21.55,1
Romania,Serbian/Croatian,Different origin,Latvian,19.99,1
Romania,Serbian/Croatian,Different origin,Serbian/Croatian,60.66,3
Romania,Serbian/Croatian,Same heritage,Serbian/Croatian,529.84,18
Romania,Slovak,Different origin,Russian,20.36,1
Romania,Slovak,Different origin,Slovak,237.65,4
Romania,Slovak,Same heritage,German,20.3,1
Romania,Slovak,Same heritage,Slovak,433.38,6
Romania,Yiddish/Hebrew,3rd+ gen American,English/Not Reported,5206.9,203
Romania,Yiddish/Hebrew,Different origin,Czech,20.23,1
Romania,Yiddish/Hebrew,Different origin,Danish,40.53,2
Romania,Yiddish/Hebrew,Different origin,English,364.22,6
Romania,Yiddish/Hebrew,Different origin,French,20.17,1
Romania,Yiddish/Hebrew,Different origin,German,202.15,10
Romania,Yiddish/Hebrew,Different origin,Italian,40.66,2
Romania,Yiddish/Hebrew,Different origin,Lithuanian,20.17,1
Romania,Yiddish/Hebrew,Different origin,Magyar,224.68,7
Romania,Yiddish/Hebrew,Different origin,Other,60.7,3
Romania,Yiddish/Hebrew,Different origin,Polish,585.33,13
Romania,Yiddish/Hebrew,Different origin,Russian,365.33,14
Romania,Yiddish/Hebrew,Different origin,Ruthenian,40.38,1
Romania,Yiddish/Hebrew,Different origin,Spanish,20.17,1
Romania,Yiddish/Hebrew,Different origin,Yiddish/Hebrew,19385.28,618
Romania,Yiddish/Hebrew,Same heritage,English,102.34,1
Romania,Yiddish/Hebrew,Same heritage,German,20.17,1
Romania,Yiddish/Hebrew,Same heritage,Magyar,20.5,1
Romania,Yiddish/Hebrew,Same heritage,Romanian,200.49,6
Romania,Yiddish/Hebrew,Same heritage,Yiddish/Hebrew,46772.520000000004,1248
Russia/USSR,Armenian,3rd+ gen American,English/Not Reported,2483.87,107
Russia/USSR,Armenian,Different origin,Armenian,940.52,35
Russia/USSR,Armenian,Different origin,Celtic/Gaelic,19.87,1
Russia/USSR,Armenian,Different origin,English,161.05,4
Russia/USSR,Armenian,Different origin,French,150.39000000000001,3
Russia/USSR,Armenian,Different origin,German,62.34,3
Russia/USSR,Armenian,Different origin,Greek,40.57,2
Russia/USSR,Armenian,Different origin,Latvian,19.87,1
Russia/USSR,Armenian,Different origin,Other,101.52,5
Russia/USSR,Armenian,Different origin,Polish,60.82,3
Russia/USSR,Armenian,Different origin,Slovak,20.33,1
Russia/USSR,Armenian,Different origin,Spanish,19.96,1
Russia/USSR,Armenian,Same heritage,Armenian,30214.399999999998,1016
Russia/USSR,Armenian,Same heritage,Other,20.3,1
Russia/USSR,Czech,3rd+ gen American,English/Not Reported,448.25,13
Russia/USSR,Czech,Different origin,Czech,339.93,9
Russia/USSR,Czech,Different origin,German,80.63,4
Russia/USSR,Czech,Same heritage,Czech,644.9,16
Russia/USSR,Czech,Same heritage,German,100.0,1
Russia/USSR,Dutch/Flemish,3rd+ gen American,English/Not Reported,381.94,7
Russia/USSR,Dutch/Flemish,Different origin,Dutch/Flemish,20.04,1
Russia/USSR,Dutch/Flemish,Different origin,German,100.0,1
Russia/USSR,Dutch/Flemish,Same heritage,Dutch/Flemish,969.22,14
Russia/USSR,Dutch/Flemish,Same heritage,German,100.0,1
Russia/USSR,English,3rd+ gen American,English/Not Reported,1256.74,34
Russia/USSR,English,Different origin,English,664.1700000000001,13
Russia/USSR,English,Different origin,German,100.0,1
Russia/USSR,English,Different origin,Magyar,20.17,1
Russia/USSR,English,Different origin,Romanian,20.36,1
Russia/USSR,English,Different origin,Yiddish/Hebrew,40.34,2
Russia/USSR,English,Same heritage,English,2231.1,38
Russia/USSR,English,Same heritage,German,19.05,1
Russia/USSR,English,Same heritage,Other,40.34,2
Russia/USSR,English,Same heritage,Polish,115.97,2
Russia/USSR,English,Same heritage,Russian,20.3,1
Russia/USSR,English,Same heritage,Yiddish/Hebrew,100.60000000000001,5
Russia/USSR,Finnish,3rd+ gen American,English/Not Reported,230.3,3
Russia/USSR,Finnish,Different origin,English,100.0,1
Russia/USSR,Finnish,Different origin,Finnish,167.42000000000002,4
Russia/USSR,Finnish,Different origin,Swedish,221.41,3
Russia/USSR,Finnish,Same heritage,Finnish,1604.0,16
Russia/USSR,Finnish,Same heritage,Yiddish/Hebrew,20.25,1
Russia/USSR,German,3rd+ gen American,English/Not Reported,34709.65,1076
Russia/USSR,German,3rd+ gen American,German,58.72,3
Russia/USSR,German,Different origin,Celtic/Gaelic,20.36,1
Russia/USSR,German,Different origin,Czech,222.5,3
Russia/USSR,German,Different origin,Dutch/Flemish,192.81,6
Russia/USSR,German,Different origin,English,587.26,21
Russia/USSR,German,Different origin,French,159.17000000000002,4
Russia/USSR,German,Different origin,German,14456.27,336
Russia/USSR,German,Different origin,Italian,40.620000000000005,2
Russia/USSR,German,Different origin,Latvian,20.64,1
Russia/USSR,German,Different origin,Lithuanian,223.34,7
Russia/USSR,German,Different origin,Magyar,281.01,6
Russia/USSR,German,Different origin,Other,39.9,2
Russia/USSR,German,Different origin,Polish,499.74,17
Russia/USSR,German,Different origin,Romanian,221.78,7
Russia/USSR,German,Different origin,Russian,20.11,1
Russia/USSR,German,Different origin,Slovak,120.33,2
Russia/USSR,German,Different origin,Slovenian,189.56,2
Russia/USSR,German,Different origin,Swedish,352.64,10
Russia/USSR,German,Different origin,Yiddish/Hebrew,60.66,3
Russia/USSR,German,Same heritage,Czech,100.0,1
Russia/USSR,German,Same heritage,Dutch/Flemish,100.0,1
Russia/USSR,German,Same heritage,English,19.05,1
Russia/USSR,German,Same heritage,German,192776.56,4256
Russia/USSR,German,Same heritage,Lithuanian,102.87,1
Russia/USSR,German,Same heritage,Other,252.17000000000002,4
Russia/USSR,German,Same heritage,Polish,928.04,10
Russia/USSR,German,Same heritage,Romanian,20.18,1
Russia/USSR,German,Same heritage,Russian,955.25,19
Russia/USSR,German,Same heritage,Yiddish/Hebrew,442.05,10
Russia/USSR,Greek,3rd+ gen American,English/Not Reported,100.0,1
Russia/USSR,Greek,Different origin,English,102.34,1
Russia/USSR,Greek,Different origin,French,100.0,1
Russia/USSR,Greek,Different origin,Greek,40.54,2
Russia/USSR,Greek,Different origin,Polish,100.0,1
Russia/USSR,Greek,Same heritage,Greek,472.72,8
Russia/USSR,Greek,Same heritage,Polish,100.0,1
Russia/USSR,Lithuanian,3rd+ gen American,English/Not Reported,3866.95,68
Russia/USSR,Lithuanian,Different origin,Celtic/Gaelic,191.87,2
Russia/USSR,Lithuanian,Different origin,Dutch/Flemish,20.63,1
Russia/USSR,Lithuanian,Different origin,English,461.29,7
Russia/USSR,Lithuanian,Different origin,Finnish,21.15,1
Russia/USSR,Lithuanian,Different origin,German,343.9,9
Russia/USSR,Lithuanian,Different origin,Italian,20.3,1
Russia/USSR,Lithuanian,Different origin,Lithuanian,932.84,18
Russia/USSR,Lithuanian,Different origin,Magyar,100.0,1
Russia/USSR,Lithuanian,Different origin,Polish,804.47,12
Russia/USSR,Lithuanian,Different origin,Romanian,140.73000000000002,3
Russia/USSR,Lithuanian,Different origin,Ruthenian,20.3,1
Russia/USSR,Lithuanian,Different origin,Slovak,100.0,1
Russia/USSR,Lithuanian,Different origin,Yiddish/Hebrew,20.17,1
Russia/USSR,Lithuanian,Same heritage,German,102.87,1
Russia/USSR,Lithuanian,Same heritage,Lithuanian,86294.4,992
Russia/USSR,Lithuanian,Same heritage,Polish,1422.5,15
Russia/USSR,Lithuanian,Same heritage,Russian,487.82,8
Russia/USSR,Lithuanian,Same heritage,Yiddish/Hebrew,40.5,2
Russia/USSR,Magyar,3rd+ gen American,English/Not Reported,222.89,7
Russia/USSR,Magyar,Different origin,Magyar,442.86,6
Russia/USSR,Magyar,Different origin,Polish,105.73,1
Russia/USSR,Magyar,Different origin,Slovak,100.17,1
Russia/USSR,Magyar,Same heritage,Magyar,686.16,10
Russia/USSR,Magyar,Same heritage,Other,100.0,1
Russia/USSR,Other,3rd+ gen American,English/Not Reported,8543.07,248
Russia/USSR,Other,Different origin,Dutch/Flemish,20.49,1
Russia/USSR,Other,Different origin,English,522.8100000000001,18
Russia/USSR,Other,Different origin,French,40.34,2
Russia/USSR,Other,Different origin,German,585.12,21
Russia/USSR,Other,Different origin,Magyar,59.730000000000004,3
Russia/USSR,Other,Different origin,Other,4409.1,119
Russia/USSR,Other,Different origin,Polish,206.45,6
Russia/USSR,Other,Different origin,Romanian,228.17,3
Russia/USSR,Other,Different origin,Russian,120.97,2
Russia/USSR,Other,Different origin,Spanish,20.04,1
Russia/USSR,Other,Different origin,Yiddish/Hebrew,40.32,2
Russia/USSR,Other,Same heritage,Armenian,20.3,1
Russia/USSR,Other,Same heritage,English,40.34,2
Russia/USSR,Other,Same heritage,German,252.17000000000002,4
Russia/USSR,Other,Same heritage,Magyar,100.0,1
Russia/USSR,Other,Same heritage,Other,65280.08,1410
Russia/USSR,Other,Same heritage,Russian,390.55,7
Russia/USSR,Other,Same heritage,Yiddish/Hebrew,344.07,9
Russia/USSR,Polish,3rd+ gen American,English/Not Reported,11770.76,184
Russia/USSR,Polish,Different origin,Celtic/Gaelic,100.0,1
Russia/USSR,Polish,Different origin,Chinese,20.3,1
Russia/USSR,Polish,Different origin,Czech,623.22,7
Russia/USSR,Polish,Different origin,Danish,101.0,1
Russia/USSR,Polish,Different origin,English,317.93,4
Russia/USSR,Polish,Different origin,French,101.0,1
Russia/USSR,Polish,Different origin,German,3236.86,47
Russia/USSR,Polish,Different origin,Greek,19.89,1
Russia/USSR,Polish,Different origin,Italian,20.04,1
Russia/USSR,Polish,Different origin,Latvian,20.5,1
Russia/USSR,Polish,Different origin,Lithuanian,20.5,1
Russia/USSR,Polish,Different origin,Magyar,321.40999999999997,4
Russia/USSR,Polish,Different origin,Other,122.74000000000001,2
Russia/USSR,Polish,Different origin,Polish,19814.92,284
Russia/USSR,Polish,Different origin,Romanian,303.34000000000003,3
Russia/USSR,Polish,Different origin,Russian,320.9,4
Russia/USSR,Polish,Different origin,Slovak,443.21999999999997,6
Russia/USSR,Polish,Different origin,Slovenian,100.0,1
Russia/USSR,Polish,Different origin,Swedish,101.0,1
Russia/USSR,Polish,Different origin,Yiddish/Hebrew,356.2,6
Russia/USSR,Polish,Same heritage,English,115.97,2
Russia/USSR,Polish,Same heritage,German,928.04,10
Russia/USSR,Polish,Same heritage,Greek,100.0,1
Russia/USSR,Polish,Same heritage,Lithuanian,1422.5,15
Russia/USSR,Polish,Same heritage,Polish,197239.44,2200
Russia/USSR,Polish,Same heritage,Russian,2048.91,30
Russia/USSR,Polish,Same heritage,Yiddish/Hebrew,864.36,19
Russia/USSR,Romanian,3rd+ gen American,English/Not Reported,20.3,1
Russia/USSR,Romanian,Different origin,Lithuanian,20.61,1
Russia/USSR,Romanian,Different origin,Magyar,20.36,1
Russia/USSR,Romanian,Different origin,Polish,100.17,1
Russia/USSR,Romanian,Different origin,Romanian,183.03,5
Russia/USSR,Romanian,Same heritage,German,20.18,1
Russia/USSR,Romanian,Same heritage,Romanian,161.08,8
Russia/USSR,Russian,3rd+ gen American,English,40.93,2
Russia/USSR,Russian,3rd+ gen American,English/Not Reported,48454.64,1632
Russia/USSR,Russian,3rd+ gen American,French,20.19,1
Russia/USSR,Russian,3rd+ gen American,Russian,61.26,3
Russia/USSR,Russian,Different origin,Celtic/Gaelic,122.13,2
Russia/USSR,Russian,Different origin,Chinese,20.5,1
Russia/USSR,Russian,Different origin,Czech,785.4200000000001,23
Russia/USSR,Russian,Different origin,Danish,201.46,6
Russia/USSR,Russian,Different origin,Dutch/Flemish,221.14000000000001,7
Russia/USSR,Russian,Different origin,English,3468.61,109
Russia/USSR,Russian,Different origin,Finnish,215.04,7
Russia/USSR,Russian,Different origin,French,636.57,19
Russia/USSR,Russian,Different origin,German,13880.87,351
Russia/USSR,Russian,Different origin,Greek,122.01,6
Russia/USSR,Russian,Different origin,Italian,446.09000000000003,14
Russia/USSR,Russian,Different origin,Latvian,20.41,1
Russia/USSR,Russian,Different origin,Lithuanian,864.43,39
Russia/USSR,Russian,Different origin,Magyar,2710.86,70
Russia/USSR,Russian,Different origin,Norwegian,20.04,1
Russia/USSR,Russian,Different origin,Other,866.59,19
Russia/USSR,Russian,Different origin,Polish,12128.75,433
Russia/USSR,Russian,Different origin,Portuguese,106.27,1
Russia/USSR,Russian,Different origin,Romanian,3125.52,94
Russia/USSR,Russian,Different origin,Russian,6936.03,206
Russia/USSR,Russian,Different origin,Ruthenian,812.36,32
Russia/USSR,Russian,Different origin,Serbian/Croatian,220.15,7
Russia/USSR,Russian,Different origin,Slovak,814.52,28
Russia/USSR,Russian,Different origin,Slovenian,259.6,5
Russia/USSR,Russian,Different origin,Spanish,160.74,4
Russia/USSR,Russian,Different origin,Swedish,537.95,10
Russia/USSR,Russian,Different origin,Yiddish/Hebrew,3195.27,102
Russia/USSR,Russian,Same heritage,English,20.3,1
Russia/USSR,Russian,Same heritage,French,40.13,2
Russia/USSR,Russian,Same heritage,German,955.25,19
Russia/USSR,Russian,Same heritage,Lithuanian,487.82,8
Russia/USSR,Russian,Same heritage,Other,390.55,7
Russia/USSR,Russian,Same heritage,Polish,2048.91,30
Russia/USSR,Russian,Same heritage,Russian,328937.66,8334
Russia/USSR,Russian,Same heritage,Ruthenian,347.17,5
Russia/USSR,Russian,Same heritage,Yiddish/Hebrew,3406.59,113
Russia/USSR,Ruthenian,3rd+ gen American,English/Not Reported,945.01,27
Russia/USSR,Ruthenian,Different origin,Czech,41.08,2
Russia/USSR,Ruthenian,Different origin,English,20.12,1
Russia/USSR,Ruthenian,Different origin,German,80.72999999999999,4
Russia/USSR,Ruthenian,Different origin,Greek,20.46,1
Russia/USSR,Ruthenian,Different origin,Lithuanian,20.17,1
Russia/USSR,Ruthenian,Different origin,Magyar,60.879999999999995,3
Russia/USSR,Ruthenian,Different origin,Other,20.02,1
Russia/USSR,Ruthenian,Different origin,Polish,649.05,20
Russia/USSR,Ruthenian,Different origin,Russian,39.6,2
Russia/USSR,Ruthenian,Different origin,Ruthenian,991.84,25
Russia/USSR,Ruthenian,Different origin,Slovak,140.36,3
Russia/USSR,Ruthenian,Different origin,Spanish,20.3,1
Russia/USSR,Ruthenian,Different origin,Swedish,20.04,1
Russia/USSR,Ruthenian,Same heritage,Russian,347.17,5
Russia/USSR,Ruthenian,Same heritage,Ruthenian,14435.16,430
Russia/USSR,Ruthenian,Same heritage,Yiddish/Hebrew,19.96,1
Russia/USSR,Slovak,3rd+ gen American,English/Not Reported,120.96000000000001,6
Russia/USSR,Slovak,Different origin,Danish,98.35,1
Russia/USSR,Slovak,Different origin,French,20.21,1
Russia/USSR,Slovak,Different origin,Greek,20.06,1
Russia/USSR,Slovak,Different origin,Polish,19.79,1
Russia/USSR,Slovak,Different origin,Slovak,242.52,8
Russia/USSR,Slovak,Same heritage,Slovak,1304.7,32
Russia/USSR,Slovenian,Different origin,Slovenian,140.97,3
Russia/USSR,Slovenian,Same heritage,Slovenian,842.6,10
Russia/USSR,Swedish,3rd+ gen American,English/Not Reported,200.44,6
Russia/USSR,Swedish,Different origin,Danish,101.0,1
Russia/USSR,Swedish,Different origin,English,102.34,1
Russia/USSR,Swedish,Different origin,Finnish,121.92,2
Russia/USSR,Swedish,Different origin,Swedish,202.34,2
Russia/USSR,Swedish,Same heritage,Swedish,799.08,8
Russia/USSR,Yiddish/Hebrew,3rd+ gen American,English/Not Reported,98125.81,3431
Russia/USSR,Yiddish/Hebrew,3rd+ gen American,Yiddish/Hebrew,20.17,1
Russia/USSR,Yiddish/Hebrew,Different origin,Celtic/Gaelic,20.17,1
Russia/USSR,Yiddish/Hebrew,Different origin,Czech,181.48,5
Russia/USSR,Yiddish/Hebrew,Different origin,Dutch/Flemish,140.12,3
Russia/USSR,Yiddish/Hebrew,Different origin,English,5058.4400000000005,166
Russia/USSR,Yiddish/Hebrew,Different origin,Finnish,19.38,1
Russia/USSR,Yiddish/Hebrew,Different origin,French,300.13,7
Russia/USSR,Yiddish/Hebrew,Different origin,German,7787.36,214
Russia/USSR,Yiddish/Hebrew,Different origin,Greek,40.14,2
Russia/USSR,Yiddish/Hebrew,Different origin,Italian,727.58,24
Russia/USSR,Yiddish/Hebrew,Different origin,Latvian,20.3,1
Russia/USSR,Yiddish/Hebrew,Different origin,Lithuanian,343.12,17
Russia/USSR,Yiddish/Hebrew,Different origin,Magyar,2015.9,64
Russia/USSR,Yiddish/Hebrew,Different origin,Norwegian,100.17,1
Russia/USSR,Yiddish/Hebrew,Different origin,Other,303.52,15
Russia/USSR,Yiddish/Hebrew,Different origin,Polish,4213.51,137
Russia/USSR,Yiddish/Hebrew,Different origin,Romanian,2308.57,71
Russia/USSR,Yiddish/Hebrew,Different origin,Russian,160.6,8
Russia/USSR,Yiddish/Hebrew,Different origin,Ruthenian,100.6,1
Russia/USSR,Yiddish/Hebrew,Different origin,Serbian/Croatian,19.97,1
Russia/USSR,Yiddish/Hebrew,Different origin,Slovak,20.3,1
Russia/USSR,Yiddish/Hebrew,Different origin,Slovenian,19.96,1
Russia/USSR,Yiddish/Hebrew,Different origin,Spanish,141.45,3
Russia/USSR,Yiddish/Hebrew,Different origin,Swedish,20.49,1
Russia/USSR,Yiddish/Hebrew,Different origin,Yiddish/Hebrew,86906.83,2603
Russia/USSR,Yiddish/Hebrew,Same heritage,English,100.60000000000001,5
Russia/USSR,Yiddish/Hebrew,Same heritage,Finnish,20.25,1
Russia/USSR,Yiddish/Hebrew,Same heritage,German,442.05,10
Russia/USSR,Yiddish/Hebrew,Same heritage,Italian,20.1,1
Russia/USSR,Yiddish/Hebrew,Same heritage,Lithuanian,40.5,2
Russia/USSR,Yiddish/Hebrew,Same heritage,Other,344.07,9
Russia/USSR,Yiddish/Hebrew,Same heritage,Polish,864.36,19
Russia/USSR,Yiddish/Hebrew,Same heritage,Russian,3406.59,113
Russia/USSR,Yiddish/Hebrew,Same heritage,Ruthenian,19.96,1
Russia/USSR,Yiddish/Hebrew,Same heritage,Yiddish/Hebrew,1192249.5,28230
Scotland,Celtic/Gaelic,3rd+ gen American,Celtic/Gaelic,20.18,1
Scotland,Celtic/Gaelic,3rd+ gen American,English,20.04,1
Scotland,Celtic/Gaelic,3rd+ gen American,English/Not Reported,50523.88,957
Scotland,Celtic/Gaelic,Different origin,Celtic/Gaelic,5540.66,79
Scotland,Celtic/Gaelic,Different origin,Danish,204.93,5
Scotland,Celtic/Gaelic,Different origin,Dutch/Flemish,238.79999999999998,4
Scotland,Celtic/Gaelic,Different origin,English,15581.51,277
Scotland,Celtic/Gaelic,Different origin,French,589.63,13
Scotland,Celtic/Gaelic,Different origin,German,1690.5,31
Scotland,Celtic/Gaelic,Different origin,Italian,163.96,4
Scotland,Celtic/Gaelic,Different origin,Latvian,103.62,1
Scotland,Celtic/Gaelic,Different origin,Norwegian,140.61,3
Scotland,Celtic/Gaelic,Different origin,Other,40.22,2
Scotland,Celtic/Gaelic,Different origin,Polish,40.51,2
Scotland,Celtic/Gaelic,Different origin,Portuguese,196.86,2
Scotland,Celtic/Gaelic,Different origin,Russian,20.08,1
Scotland,Celtic/Gaelic,Different origin,Slovak,20.42,1
Scotland,Celtic/Gaelic,Different origin,Spanish,99.24,1
Scotland,Celtic/Gaelic,Different origin,Swedish,733.46,12
Scotland,Celtic/Gaelic,Different origin,Yiddish/Hebrew,20.17,1
Scotland,Celtic/Gaelic,Same heritage,Celtic/Gaelic,54282.98,1070
Scotland,Celtic/Gaelic,Same heritage,English,1694.84,25
Scotland,Celtic/Gaelic,Same heritage,German,20.14,1
Scotland,English,3rd+ gen American,English,141.61,7
Scotland,English,3rd+ gen American,English/Not Reported,125165.55,3413
Scotland,English,Different origin,Armenian,101.0,1
Scotland,English,Different origin,Celtic/Gaelic,1542.9,29
Scotland,English,Different origin,Czech,254.45,4
Scotland,English,Different origin,Danish,758.23,21
Scotland,English,Different origin,Dutch/Flemish,262.74,13
Scotland,English,Different origin,English,61139.8,1661
Scotland,English,Different origin,Finnish,40.06,2
Scotland,English,Different origin,French,1611.32,40
Scotland,English,Different origin,German,3941.67,104
Scotland,English,Different origin,Greek,202.84,6
Scotland,English,Different origin,Italian,648.71,16
Scotland,English,Different origin,Latvian,20.3,1
Scotland,English,Different origin,Lithuanian,40.28,2
Scotland,English,Different origin,Magyar,60.29,3
Scotland,English,Different origin,Norwegian,1187.76,27
Scotland,English,Different origin,Other,283.38,6
Scotland,English,Different origin,Polish,180.55,5
Scotland,English,Different origin,Portuguese,20.25,1
Scotland,English,Different origin,Russian,247.59,8
Scotland,English,Different origin,Slovenian,20.5,1
Scotland,English,Different origin,Spanish,200.6,6
Scotland,English,Different origin,Swedish,2130.86,52
Scotland,English,Different origin,Yiddish/Hebrew,381.69,11
Scotland,English,Same heritage,Celtic/Gaelic,1694.84,25
Scotland,English,Same heritage,English,174435.08,5198
Scotland,English,Same heritage,French,100.0,1
Scotland,English,Same heritage,Swedish,99.67,1
South America,English,3rd+ gen American,English/Not Reported,1834.39,62
South America,English,Different origin,Danish,20.3,1
South America,English,Different origin,English,707.34,23
South America,English,Different origin,French,20.3,1
South America,English,Different origin,Italian,60.18,3
South America,English,Different origin,Portuguese,20.14,1
South America,English,Different origin,Russian,40.620000000000005,2
South America,English,Different origin,Spanish,20.04,1
South America,English,Same heritage,English,1182.44,44
South America,German,3rd+ gen American,English/Not Reported,377.9,15
South America,German,Different origin,English,116.76,2
South America,German,Different origin,German,202.3,10
South America,Italian,3rd+ gen American,English/Not Reported,1285.83,48
South America,Italian,Different origin,German,20.5,1
South America,Italian,Different origin,Italian,2945.97,121
South America,Italian,Different origin,Other,20.38,1
South America,Italian,Same heritage,Italian,121.6,6
South America,Portuguese,3rd+ gen American,English/Not Reported,912.91,29
South America,Portuguese,Different origin,French,20.49,1
South America,Portuguese,Different origin,German,98.22,1
South America,Portuguese,Different origin,Italian,78.34,4
South America,Portuguese,Different origin,Portuguese,678.85,30
South America,Portuguese,Different origin,Russian,20.17,1
South America,Portuguese,Different origin,Spanish,39.93,2
South America,Portuguese,Same heritage,Portuguese,119.78,6
South America,Spanish,3rd+ gen American,English/Not Reported,3196.34,110
South America,Spanish,Different origin,Chinese,20.3,1
South America,Spanish,Different origin,Danish,120.89999999999999,2
South America,Spanish,Different origin,Dutch/Flemish,20.3,1
South America,Spanish,Different origin,English,472.22,14
South America,Spanish,Different origin,French,39.620000000000005,2
South America,Spanish,Different origin,German,427.26,13
South America,Spanish,Different origin,Greek,20.17,1
South America,Spanish,Different origin,Italian,812.58,20
South America,Spanish,Different origin,Magyar,40.13,2
South America,Spanish,Different origin,Other,41.41,2
South America,Spanish,Different origin,Polish,20.05,1
South America,Spanish,Different origin,Portuguese,141.04999999999998,3
South America,Spanish,Different origin,Ruthenian,20.3,1
South America,Spanish,Different origin,Serbian/Croatian,20.3,1
South America,Spanish,Different origin,Spanish,872.11,43
South America,Spanish,Different origin,Yiddish/Hebrew,121.28,2
South America,Spanish,Same heritage,Spanish,2261.04,96
Spain,Other,3rd+ gen American,English/Not Reported,20.07,1
Spain,Other,Different origin,Other,19.3,1
Spain,Other,Same heritage,Other,921.56,22
Spain,Spanish,3rd+ gen American,English/Not Reported,8531.86,289
Spain,Spanish,Different origin,Celtic/Gaelic,99.24,1
Spain,Spanish,Different origin,Czech,100.6,1
Spain,Spanish,Different origin,Dutch/Flemish,60.06,3
Spain,Spanish,Different origin,English,1093.26,30
Spain,Spanish,Different origin,French,1072.1,29
Spain,Spanish,Different origin,German,464.17,15
Spain,Spanish,Different origin,Italian,1315.71,41
Spain,Spanish,Different origin,Magyar,140.2,3
Spain,Spanish,Different origin,Norwegian,19.86,1
Spain,Spanish,Different origin,Other,60.58,3
Spain,Spanish,Different origin,Polish,60.900000000000006,3
Spain,Spanish,Different origin,Portuguese,299.38,11
Spain,Spanish,Different origin,Russian,119.96000000000001,2
Spain,Spanish,Different origin,Spanish,3852.94,126
Spain,Spanish,Different origin,Swedish,120.63999999999999,2
Spain,Spanish,Different origin,Yiddish/Hebrew,20.17,1
Spain,Spanish,Same heritage,Spanish,35413.46,1074
Sweden,Danish,3rd+ gen American,English/Not Reported,374.81,10
Sweden,Danish,Different origin,Danish,81.59,4
Sweden,Danish,Different origin,English,19.93,1
Sweden,Danish,Different origin,French,19.95,1
Sweden,Danish,Same heritage,Danish,39.9,2
Sweden,Danish,Same heritage,Norwegian,19.96,1
Sweden,Danish,Same heritage,Swedish,40.58,2
Sweden,English,3rd+ gen American,English,20.33,1
Sweden,English,3rd+ gen American,English/Not Reported,1268.64,32
Sweden,English,Different origin,English,388.28,7
Sweden,English,Different origin,Finnish,100.0,1
Sweden,English,Different origin,Norwegian,20.41,1
Sweden,English,Same heritage,English,1251.64,22
Sweden,English,Same heritage,Swedish,364.51,6
Sweden,Finnish,3rd+ gen American,English/Not Reported,184.09,5
Sweden,Finnish,Different origin,Finnish,940.43,23
Sweden,Finnish,Different origin,Norwegian,20.45,1
Sweden,Finnish,Same heritage,Finnish,569.5,12
Sweden,German,3rd+ gen American,English/Not Reported,667.34,13
Sweden,German,Different origin,English,20.61,1
Sweden,German,Different origin,German,262.71999999999997,5
Sweden,German,Different origin,Norwegian,99.24,1
Sweden,German,Different origin,Polish,19.98,1
Sweden,German,Different origin,Swedish,19.95,1
Sweden,German,Different origin,Yiddish/Hebrew,20.18,1
Sweden,German,Same heritage,German,808.54,10
Sweden,German,Same heritage,Swedish,101.0,1
Sweden,Norwegian,3rd+ gen American,English/Not Reported,265.64,6
Sweden,Norwegian,Different origin,Celtic/Gaelic,101.0,1
Sweden,Norwegian,Different origin,Czech,20.18,1
Sweden,Norwegian,Different origin,English,19.52,1
Sweden,Norwegian,Different origin,German,20.23,1
Sweden,Norwegian,Different origin,Norwegian,362.51,10
Sweden,Norwegian,Same heritage,Danish,19.96,1
Sweden,Norwegian,Same heritage,Norwegian,39.94,2
Sweden,Norwegian,Same heritage,Swedish,268.23,5
Sweden,Swedish,3rd+ gen American,Celtic/Gaelic,20.36,1
Sweden,Swedish,3rd+ gen American,English,159.68,8
Sweden,Swedish,3rd+ gen American,English/Not Reported,241867.53,6239
Sweden,Swedish,3rd+ gen American,French,20.19,1
Sweden,Swedish,3rd+ gen American,German,19.95,1
Sweden,Swedish,3rd+ gen American,Norwegian,19.78,1
Sweden,Swedish,3rd+ gen American,Swedish,39.519999999999996,2
Sweden,Swedish,Different origin,Celtic/Gaelic,2372.47,34
Sweden,Swedish,Different origin,Czech,630.31,15
Sweden,Swedish,Different origin,Danish,13329.02,273
Sweden,Swedish,Different origin,Dutch/Flemish,550.37,12
Sweden,Swedish,Different origin,English,18293.13,422
Sweden,Swedish,Different origin,Finnish,5030.25,132
Sweden,Swedish,Different origin,French,2001.15,46
Sweden,Swedish,Different origin,German,14229.23,308
Sweden,Swedish,Different origin,Greek,240.94,8
Sweden,Swedish,Different origin,Italian,1113.21,27
Sweden,Swedish,Different origin,Japanese,20.04,1
Sweden,Swedish,Different origin,Lithuanian,100.73,5
Sweden,Swedish,Different origin,Magyar,229.84,3
Sweden,Swedish,Different origin,Norwegian,37472.06,885
Sweden,Swedish,Different origin,Other,60.11,3
Sweden,Swedish,Different origin,Polish,342.61,13
Sweden,Swedish,Different origin,Portuguese,19.93,1
Sweden,Swedish,Different origin,Romanian,20.18,1
Sweden,Swedish,Different origin,Russian,532.39,10
Sweden,Swedish,Different origin,Ruthenian,20.04,1
Sweden,Swedish,Different origin,Serbian/Croatian,20.18,1
Sweden,Swedish,Different origin,Slovak,60.5,3
Sweden,Swedish,Different origin,Spanish,221.42,7
Sweden,Swedish,Different origin,Swedish,6715.39,164
Sweden,Swedish,Different origin,Yiddish/Hebrew,20.49,1
Sweden,Swedish,Same heritage,Danish,40.58,2
Sweden,Swedish,Same heritage,English,364.51,6
Sweden,Swedish,Same heritage,German,101.0,1
Sweden,Swedish,Same heritage,Norwegian,268.23,5
Sweden,Swedish,Same heritage,Swedish,819109.42,17666
Switzerland,Dutch/Flemish,3rd+ gen American,English/Not Reported,443.21,9
Switzerland,Dutch/Flemish,Different origin,German,20.13,1
Switzerland,Dutch/Flemish,Same heritage,Dutch/Flemish,242.3,4
Switzerland,English,3rd+ gen American,English/Not Reported,1465.74,24
Switzerland,English,Different origin,English,273.05,5
Switzerland,English,Different origin,Italian,20.3,1
Switzerland,English,Same heritage,English,200.0,2
Switzerland,English,Same heritage,German,100.0,1
Switzerland,French,3rd+ gen American,English/Not Reported,8098.21,192
Switzerland,French,Different origin,Czech,100.18,1
Switzerland,French,Different origin,Danish,39.97,2
Switzerland,French,Different origin,Dutch/Flemish,142.9,3
Switzerland,French,Different origin,English,864.25,31
Switzerland,French,Different origin,French,2757.59,68
Switzerland,French,Different origin,German,1356.3799999999999,32
Switzerland,French,Different origin,Greek,140.26,3
Switzerland,French,Different origin,Italian,160.48,4
Switzerland,French,Different origin,Norwegian,39.760000000000005,2
Switzerland,French,Different origin,Other,121.3,2
Switzerland,French,Different origin,Russian,40.44,2
Switzerland,French,Different origin,Spanish,141.09,3
Switzerland,French,Same heritage,French,6171.6,154
Switzerland,French,Same heritage,German,1044.23,20
Switzerland,French,Same heritage,Italian,60.59,3
Switzerland,German,3rd+ gen American,English,20.38,1
Switzerland,German,3rd+ gen American,English/Not Reported,60562.93,1381
Switzerland,German,Different origin,Celtic/Gaelic,589.15,9
Switzerland,German,Different origin,Czech,160.36,4
Switzerland,German,Different origin,Danish,617.65,10
Switzerland,German,Different origin,Dutch/Flemish,201.81,6
Switzerland,German,Different origin,English,3328.39,74
Switzerland,German,Different origin,Finnish,119.96,2
Switzerland,German,Different origin,French,1545.85,41
Switzerland,German,Different origin,German,32140.08,673
Switzerland,German,Different origin,Greek,39.1,2
Switzerland,German,Different origin,Italian,971.99,16
Switzerland,German,Different origin,Japanese,20.3,1
Switzerland,German,Different origin,Lithuanian,60.81,3
Switzerland,German,Different origin,Magyar,380.35,7
Switzerland,German,Different origin,Norwegian,408.82,17
Switzerland,German,Different origin,Other,202.76,3
Switzerland,German,Different origin,Polish,257.53000000000003,5
Switzerland,German,Different origin,Portuguese,19.93,1
Switzerland,German,Different origin,Romanian,119.96000000000001,2
Switzerland,German,Different origin,Russian,177.47,5
Switzerland,German,Different origin,Ruthenian,20.38,1
Switzerland,German,Different origin,Serbian/Croatian,20.3,1
Switzerland,German,Different origin,Slovak,140.39,3
Switzerland,German,Different origin,Slovenian,102.34,1
Switzerland,German,Different origin,Spanish,161.35999999999999,4
Switzerland,German,Different origin,Swedish,459.59,11
Switzerland,German,Different origin,Yiddish/Hebrew,19.96,1
Switzerland,German,Same heritage,English,100.0,1
Switzerland,German,Same heritage,French,1044.23,20
Switzerland,German,Same heritage,German,71455.24,1548
Switzerland,German,Same heritage,Italian,77.78999999999999,4
Switzerland,German,Same heritage,Other,19.98,1
Switzerland,German,Same heritage,Romanian,220.42,2
Switzerland,German,Same heritage,Swedish,21.97,1
Switzerland,Italian,3rd+ gen American,English/Not Reported,3411.58,95
Switzerland,Italian,Different origin,Celtic/Gaelic,100.0,1
Switzerland,Italian,Different origin,Danish,20.44,1
Switzerland,Italian,Different origin,English,80.98,4
Switzerland,Italian,Different origin,French,20.3,1
Switzerland,Italian,Different origin,German,180.5,5
Switzerland,Italian,Different origin,Italian,2152.89,59
Switzerland,Italian,Different origin,Magyar,19.96,1
Switzerland,Italian,Different origin,Spanish,120.06,2
Switzerland,Italian,Different origin,Swedish,101.0,1
Switzerland,Italian,Same heritage,French,60.59,3
Switzerland,Italian,Same heritage,German,77.78999999999999,4
Switzerland,Italian,Same heritage,Italian,6087.26,158
Switzerland,Romanian,3rd+ gen American,English/Not Reported,119.91999999999999,2
Switzerland,Romanian,Different origin,English,100.0,1
Switzerland,Romanian,Different origin,German,40.480000000000004,2
Switzerland,Romanian,Same heritage,German,220.42,2
Switzerland,Romanian,Same heritage,Romanian,42.22,2
Switzerland,Swedish,3rd+ gen American,English/Not Reported,1377.83,26
Switzerland,Swedish,Different origin,English,40.120000000000005,2
Switzerland,Swedish,Different origin,French,20.18,1
Switzerland,Swedish,Different origin,German,301.24,7
Switzerland,Swedish,Different origin,Polish,100.0,1
Switzerland,Swedish,Different origin,Swedish,40.21,2
Switzerland,Swedish,Same heritage,German,21.97,1
Switzerland,Swedish,Same heritage,Swedish,442.04,14
Syria,Armenian,3rd+ gen American,English/Not Reported,19.29,1
Syria,Armenian,Different origin,Armenian,143.55,3
Syria,Armenian,Different origin,Other,20.36,1
Syria,Armenian,Same heritage,Armenian,444.22,14
Syria,Other,3rd+ gen American,English/Not Reported,7384.36,273
Syria,Other,Different origin,Armenian,40.42,2
Syria,Other,Different origin,Danish,135.86,1
Syria,Other,Different origin,English,121.56,6
Syria,Other,Different origin,French,362.79,7
Syria,Other,Different origin,German,40.28,2
Syria,Other,Different origin,Greek,60.81999999999999,3
Syria,Other,Different origin,Italian,285.37,10
Syria,Other,Different origin,Latvian,20.06,1
Syria,Other,Different origin,Magyar,20.06,1
Syria,Other,Different origin,Other,900.44,20
Syria,Other,Different origin,Polish,40.6,2
Syria,Other,Different origin,Romanian,20.02,1
Syria,Other,Different origin,Russian,116.92,2
Syria,Other,Different origin,Slovak,121.48,2
Syria,Other,Different origin,Spanish,122.95,6
Syria,Other,Different origin,Yiddish/Hebrew,20.51,1
Syria,Other,Same heritage,English,19.87,1
Syria,Other,Same heritage,French,40.230000000000004,2
Syria,Other,Same heritage,Other,56016.86,1718
Turkey,Armenian,3rd+ gen American,English/Not Reported,975.98,40
Turkey,Armenian,Different origin,Armenian,1029.3799999999999,39
Turkey,Armenian,Different origin,Czech,20.04,1
Turkey,Armenian,Different origin,English,141.21,3
Turkey,Armenian,Different origin,Greek,81.11,4
Turkey,Armenian,Different origin,Other,19.96,1
Turkey,Armenian,Different origin,Polish,20.3,1
Turkey,Armenian,Different origin,Spanish,19.02,1
Turkey,Armenian,Different origin,Swedish,20.04,1
Turkey,Armenian,Same heritage,Armenian,17822.84,562
Turkey,Armenian,Same heritage,French,105.04,1
Turkey,Armenian,Same heritage,Other,126.91999999999999,2
Turkey,Greek,3rd+ gen American,English/Not Reported,996.33,42
Turkey,Greek,Different origin,Czech,20.14,1
Turkey,Greek,Different origin,English,20.17,1
Turkey,Greek,Different origin,German,60.5,3
Turkey,Greek,Different origin,Greek,1329.56,58
Turkey,Greek,Different origin,Italian,20.08,1
Turkey,Greek,Different origin,Latvian,100.0,1
Turkey,Greek,Different origin,Other,20.23,1
Turkey,Greek,Different origin,Portuguese,20.04,1
Turkey,Greek,Different origin,Romanian,19.83,1
Turkey,Greek,Different origin,Ruthenian,20.46,1
Turkey,Greek,Different origin,Serbian/Croatian,100.6,1
Turkey,Greek,Different origin,Yiddish/Hebrew,19.96,1
Turkey,Greek,Same heritage,French,20.04,1
Turkey,Greek,Same heritage,Greek,6972.82,290
Turkey,Other,3rd+ gen American,English/Not Reported,1878.92,53
Turkey,Other,Different origin,Armenian,101.42,5
Turkey,Other,Different origin,Celtic/Gaelic,20.04,1
Turkey,Other,Different origin,English,282.55,6
Turkey,Other,Different origin,French,244.68,4
Turkey,Other,Different origin,German,81.50999999999999,4
Turkey,Other,Different origin,Greek,582.4,17
Turkey,Other,Different origin,Italian,60.010000000000005,3
Turkey,Other,Different origin,Norwegian,20.52,1
Turkey,Other,Different origin,Other,341.0,5
Turkey,Other,Different origin,Russian,40.13,2
Turkey,Other,Different origin,Slovak,102.7,1
Turkey,Other,Different origin,Spanish,39.92,2
Turkey,Other,Different origin,Yiddish/Hebrew,222.66,7
Turkey,Other,Same heritage,Armenian,126.91999999999999,2
Turkey,Other,Same heritage,Other,19234.26,366
Turkey,Other,Same heritage,Spanish,120.77,2
Turkey,Other,Same heritage,Yiddish/Hebrew,20.3,1
Turkey,Spanish,3rd+ gen American,English/Not Reported,140.66,7
Turkey,Spanish,Different origin,German,20.17,1
Turkey,Spanish,Different origin,Greek,201.43,6
Turkey,Spanish,Different origin,Russian,40.14,2
Turkey,Spanish,Different origin,Spanish,121.13,6
Turkey,Spanish,Different origin,Yiddish/Hebrew,160.22,4
Turkey,Spanish,Same heritage,French,20.3,1
Turkey,Spanish,Same heritage,Other,120.77,2
Turkey,Spanish,Same heritage,Spanish,5366.08,202
Turkey,Yiddish/Hebrew,3rd+ gen American,English/Not Reported,469.42,7
Turkey,Yiddish/Hebrew,Different origin,Italian,20.17,1
Turkey,Yiddish/Hebrew,Different origin,Yiddish/Hebrew,827.62,13
Turkey,Yiddish/Hebrew,Same heritage,Other,20.3,1
Turkey,Yiddish/Hebrew,Same heritage,Yiddish/Hebrew,1221.94,20
US Virgin Islands,English,3rd+ gen American,English/Not Reported,1051.17,32
US Virgin Islands,English,Different origin,English,403.57,16
US Virgin Islands,English,Different origin,Portuguese,21.11,1
US Virgin Islands,English,Different origin,Spanish,162.9,4
US Virgin Islands,English,Same heritage,English,1816.7,74
Wales,Celtic/Gaelic,3rd+ gen American,Celtic/Gaelic,105.96,1
Wales,Celtic/Gaelic,3rd+ gen American,English/Not Reported,37008.24,704
Wales,Celtic/Gaelic,Different origin,Celtic/Gaelic,2173.34,32
Wales,Celtic/Gaelic,Different origin,Danish,20.14,1
Wales,Celtic/Gaelic,Different origin,English,6055.69,115
Wales,Celtic/Gaelic,Different origin,French,20.04,1
Wales,Celtic/Gaelic,Different origin,German,733.37,12
Wales,Celtic/Gaelic,Different origin,Greek,20.38,1
Wales,Celtic/Gaelic,Different origin,Italian,20.05,1
Wales,Celtic/Gaelic,Different origin,Magyar,20.03,1
Wales,Celtic/Gaelic,Different origin,Norwegian,20.22,1
Wales,Celtic/Gaelic,Different origin,Polish,20.08,1
Wales,Celtic/Gaelic,Different origin,Russian,100.0,1
Wales,Celtic/Gaelic,Different origin,Swedish,294.84,7
Wales,Celtic/Gaelic,Same heritage,Celtic/Gaelic,37314.18,666
Wales,Celtic/Gaelic,Same heritage,English,1109.94,23
Wales,English,3rd+ gen American,English,60.81,3
Wales,English,3rd+ gen American,English/Not Reported,24513.69,630
Wales,English,Different origin,Celtic/Gaelic,413.71,9
Wales,English,Different origin,Danish,19.82,1
Wales,English,Different origin,Dutch/Flemish,20.18,1
Wales,English,Different origin,English,10927.09,261
Wales,English,Different origin,Finnish,101.0,1
Wales,English,Different origin,German,444.53,10
Wales,English,Different origin,Greek,20.57,1
Wales,English,Different origin,Norwegian,140.71,3
Wales,English,Different origin,Swedish,317.74,4
Wales,English,Same heritage,Celtic/Gaelic,1109.94,23
Wales,English,Same heritage,English,14889.98,384
West Indies,Dutch/Flemish,3rd+ gen American,English/Not Reported,122.18,6
West Indies,Dutch/Flemish,Different origin,Spanish,200.98000000000002,6
West Indies,Dutch/Flemish,Same heritage,Dutch/Flemish,80.52000000000001,4
West Indies,Dutch/Flemish,Same heritage,English,321.9,4
West Indies,English,3rd+ gen American,English,41.16,2
West Indies,English,3rd+ gen American,English/Not Reported,23229.15,659
West Indies,English,Different origin,Celtic/Gaelic,102.38,5
West Indies,English,Different origin,Chinese,20.3,1
West Indies,English,Different origin,Dutch/Flemish,20.14,1
West Indies,English,Different origin,English,3494.84,92
West Indies,English,Different origin,French,141.6,3
West Indies,English,Different origin,German,120.73,6
West Indies,English,Different origin,Greek,61.46,3
West Indies,English,Different origin,Italian,40.18,2
West Indies,English,Different origin,Magyar,20.14,1
West Indies,English,Different origin,Norwegian,20.3,1
West Indies,English,Different origin,Polish,40.44,2
West Indies,English,Different origin,Portuguese,301.64,7
West Indies,English,Different origin,Spanish,662.69,15
West Indies,English,Different origin,Swedish,120.91999999999999,2
West Indies,English,Different origin,Yiddish/Hebrew,19.96,1
West Indies,English,Same heritage,Dutch/Flemish,321.9,4
West Indies,English,Same heritage,English,53635.840000000004,1740
West Indies,English,Same heritage,French,60.77,3
West Indies,English,Same heritage,Spanish,20.17,1
West Indies,French,3rd+ gen American,English/Not Reported,922.6,18
West Indies,French,Different origin,English,40.34,2
West Indies,French,Different origin,French,40.47,2
West Indies,French,Different origin,German,20.3,1
West Indies,French,Same heritage,Danish,20.3,1
West Indies,French,Same heritage,English,60.77,3
West Indies,French,Same heritage,French,644.88,16
West Indies,Spanish,3rd+ gen American,English/Not Reported,1149.38,29
West Indies,Spanish,Different origin,English,102.34,1
West Indies,Spanish,Different origin,French,19.96,1
West Indies,Spanish,Different origin,Italian,20.3,1
West Indies,Spanish,Different origin,Other,20.3,1
West Indies,Spanish,Different origin,Spanish,326.36,12
West Indies,Spanish,Same heritage,English,20.17,1
West Indies,Spanish,Same heritage,Spanish,889.34,44
Yugoslavia,Czech,3rd+ gen American,English/Not Reported,382.52,15
Yugoslavia,Czech,Different origin,Czech,365.57,14
Yugoslavia,Czech,Different origin,Latvian,19.91,1
Yugoslavia,Czech,Different origin,Lithuanian,39.85,2
Yugoslavia,Czech,Same heritage,Czech,727.28,36
Yugoslavia,Czech,Same heritage,German,40.16,2
Yugoslavia,Czech,Same heritage,Serbian/Croatian,40.39,2
Yugoslavia,Czech,Same heritage,Slovak,19.7,1
Yugoslavia,Czech,Same heritage,Slovenian,19.94,1
Yugoslavia,German,3rd+ gen American,English/Not Reported,2005.38,91
Yugoslavia,German,Different origin,Czech,101.7,5
Yugoslavia,German,Different origin,Danish,19.96,1
Yugoslavia,German,Different origin,Dutch/Flemish,61.78,3
Yugoslavia,German,Different origin,English,60.300000000000004,3
Yugoslavia,German,Different origin,French,20.04,1
Yugoslavia,German,Different origin,German,3252.77,124
Yugoslavia,German,Different origin,Greek,20.3,1
Yugoslavia,German,Different origin,Italian,20.17,1
Yugoslavia,German,Different origin,Latvian,19.96,1
Yugoslavia,German,Different origin,Magyar,141.89,7
Yugoslavia,German,Different origin,Polish,97.89,1
Yugoslavia,German,Different origin,Romanian,20.01,1
Yugoslavia,German,Different origin,Russian,20.11,1
Yugoslavia,German,Different origin,Serbian/Croatian,20.3,1
Yugoslavia,German,Different origin,Slovak,80.67,4
Yugoslavia,German,Different origin,Slovenian,119.96000000000001,2
Yugoslavia,German,Different origin,Swedish,40.480000000000004,2
Yugoslavia,German,Same heritage,Czech,40.16,2
Yugoslavia,German,Same heritage,German,16221.64,630
Yugoslavia,German,Same heritage,Italian,19.81,1
Yugoslavia,German,Same heritage,Magyar,138.35,3
Yugoslavia,German,Same heritage,Serbian/Croatian,221.46,11
Yugoslavia,German,Same heritage,Slovenian,181.63,9
Yugoslavia,Latvian,3rd+ gen American,English/Not Reported,81.11,4
Yugoslavia,Latvian,Different origin,Czech,20.3,1
Yugoslavia,Latvian,Different origin,German,105.22,1
Yugoslavia,Latvian,Different origin,Greek,20.56,1
Yugoslavia,Latvian,Different origin,Latvian,120.75,6
Yugoslavia,Latvian,Different origin,Magyar,40.08,2
Yugoslavia,Latvian,Different origin,Serbian/Croatian,19.99,1
Yugoslavia,Latvian,Different origin,Slovak,39.96,2
Yugoslavia,Latvian,Same heritage,Latvian,805.64,40
Yugoslavia,Latvian,Same heritage,Other,19.79,1
Yugoslavia,Magyar,3rd+ gen American,English/Not Reported,203.44,10
Yugoslavia,Magyar,Different origin,Czech,19.96,1
Yugoslavia,Magyar,Different origin,English,20.56,1
Yugoslavia,Magyar,Different origin,German,241.95,8
Yugoslavia,Magyar,Different origin,Italian,120.50999999999999,2
Yugoslavia,Magyar,Different origin,Magyar,825.02,29
Yugoslavia,Magyar,Different origin,Russian,20.36,1
Yugoslavia,Magyar,Different origin,Ruthenian,19.85,1
Yugoslavia,Magyar,Different origin,Serbian/Croatian,19.99,1
Yugoslavia,Magyar,Different origin,Slovak,20.24,1
Yugoslavia,Magyar,Different origin,Yiddish/Hebrew,19.96,1
Yugoslavia,Magyar,Same heritage,German,138.35,3
Yugoslavia,Magyar,Same heritage,Magyar,4277.06,114
Yugoslavia,Magyar,Same heritage,Serbian/Croatian,137.94,3
Yugoslavia,Magyar,Same heritage,Slovak,123.46000000000001,2
Yugoslavia,Other,3rd+ gen American,English/Not Reported,40.08,2
Yugoslavia,Other,Different origin,Celtic/Gaelic,20.25,1
Yugoslavia,Other,Different origin,Other,145.48,3
Yugoslavia,Other,Different origin,Polish,19.94,1
Yugoslavia,Other,Different origin,Ruthenian,20.02,1
Yugoslavia,Other,Different origin,Spanish,19.2,1
Yugoslavia,Other,Different origin,Yiddish/Hebrew,19.96,1
Yugoslavia,Other,Same heritage,Latvian,19.79,1
Yugoslavia,Other,Same heritage,Other,3361.46,48
Yugoslavia,Other,Same heritage,Slovenian,104.89,1
Yugoslavia,Serbian/Croatian,3rd+ gen American,English/Not Reported,8108.36,347
Yugoslavia,Serbian/Croatian,Different origin,Czech,503.19,21
Yugoslavia,Serbian/Croatian,Different origin,English,120.5,6
Yugoslavia,Serbian/Croatian,Different origin,French,138.99,3
Yugoslavia,Serbian/Croatian,Different origin,German,1342.6200000000001,39
Yugoslavia,Serbian/Croatian,Different origin,Greek,140.45,3
Yugoslavia,Serbian/Croatian,Different origin,Italian,339.01,9
Yugoslavia,Serbian/Croatian,Different origin,Latvian,101.1,5
Yugoslavia,Serbian/Croatian,Different origin,Lithuanian,20.08,1
Yugoslavia,Serbian/Croatian,Different origin,Magyar,690.6800000000001,18
Yugoslavia,Serbian/Croatian,Different origin,Norwegian,145.69,3
Yugoslavia,Serbian/Croatian,Different origin,Other,40.489999999999995,2
Yugoslavia,Serbian/Croatian,Different origin,Polish,541.14,19
Yugoslavia,Serbian/Croatian,Different origin,Romanian,60.34,3
Yugoslavia,Serbian/Croatian,Different origin,Russian,260.46999999999997,9
Yugoslavia,Serbian/Croatian,Different origin,Ruthenian,40.15,2
Yugoslavia,Serbian/Croatian,Different origin,Serbian/Croatian,1436.3700000000001,36
Yugoslavia,Serbian/Croatian,Different origin,Slovak,683.42,30
Yugoslavia,Serbian/Croatian,Different origin,Slovenian,190.12,5
Yugoslavia,Serbian/Croatian,Different origin,Spanish,121.11,2
Yugoslavia,Serbian/Croatian,Different origin,Swedish,20.18,1
Yugoslavia,Serbian/Croatian,Different origin,Yiddish/Hebrew,40.22,2
Yugoslavia,Serbian/Croatian,Same heritage,Czech,40.39,2
Yugoslavia,Serbian/Croatian,Same heritage,Danish,20.51,1
Yugoslavia,Serbian/Croatian,Same heritage,German,221.46,11
Yugoslavia,Serbian/Croatian,Same heritage,Magyar,137.94,3
Yugoslavia,Serbian/Croatian,Same heritage,Russian,20.04,1
Yugoslavia,Serbian/Croatian,Same heritage,Serbian/Croatian,88512.7,2934
Yugoslavia,Serbian/Croatian,Same heritage,Slovak,262.03000000000003,5
Yugoslavia,Serbian/Croatian,Same heritage,Slovenian,657.72,21
Yugoslavia,Slovak,3rd+ gen American,English/Not Reported,1034.61,36
Yugoslavia,Slovak,Different origin,Czech,140.08,3
Yugoslavia,Slovak,Different origin,Danish,19.93,1
Yugoslavia,Slovak,Different origin,Dutch/Flemish,20.25,1
Yugoslavia,Slovak,Different origin,Finnish,20.05,1
Yugoslavia,Slovak,Different origin,German,262.67,5
Yugoslavia,Slovak,Different origin,Italian,40.25,2
Yugoslavia,Slovak,Different origin,Magyar,147.69,3
Yugoslavia,Slovak,Different origin,Norwegian,21.8,1
Yugoslavia,Slovak,Different origin,Polish,41.0,2
Yugoslavia,Slovak,Different origin,Romanian,20.45,1
Yugoslavia,Slovak,Different origin,Russian,229.51,3
Yugoslavia,Slovak,Different origin,Slovak,636.9,16
Yugoslavia,Slovak,Different origin,Spanish,20.62,1
Yugoslavia,Slovak,Same heritage,Czech,19.7,1
Yugoslavia,Slovak,Same heritage,Magyar,123.46000000000001,2
Yugoslavia,Slovak,Same heritage,Serbian/Croatian,262.03000000000003,5
Yugoslavia,Slovak,Same heritage,Slovak,12823.68,312
Yugoslavia,Slovak,Same heritage,Slovenian,40.8,2
Yugoslavia,Slovenian,3rd+ gen American,English/Not Reported,5661.53,232
Yugoslavia,Slovenian,Different origin,Albanian,20.56,1
Yugoslavia,Slovenian,Different origin,Czech,40.019999999999996,2
Yugoslavia,Slovenian,Different origin,Danish,19.93,1
Yugoslavia,Slovenian,Different origin,Dutch/Flemish,96.98,1
Yugoslavia,Slovenian,Different origin,English,60.9,3
Yugoslavia,Slovenian,Different origin,French,19.9,1
Yugoslavia,Slovenian,Different origin,German,935.72,31
Yugoslavia,Slovenian,Different origin,Greek,20.08,1
Yugoslavia,Slovenian,Different origin,Italian,340.83,17
Yugoslavia,Slovenian,Different origin,Magyar,425.75,9
Yugoslavia,Slovenian,Different origin,Norwegian,19.52,1
Yugoslavia,Slovenian,Different origin,Polish,242.1,12
Yugoslavia,Slovenian,Different origin,Romanian,19.96,1
Yugoslavia,Slovenian,Different origin,Russian,20.41,1
Yugoslavia,Slovenian,Different origin,Serbian/Croatian,20.18,1
Yugoslavia,Slovenian,Different origin,Slovak,322.2,12
Yugoslavia,Slovenian,Different origin,Slovenian,1201.2,51
Yugoslavia,Slovenian,Same heritage,Czech,19.94,1
Yugoslavia,Slovenian,Same heritage,German,181.63,9
Yugoslavia,Slovenian,Same heritage,Italian,20.24,1
Yugoslavia,Slovenian,Same heritage,Other,104.89,1
Yugoslavia,Slovenian,Same heritage,Russian,20.36,1
Yugoslavia,Slovenian,Same heritage,Serbian/Croatian,657.72,21
Yugoslavia,Slovenian,Same heritage,Slovak,40.8,2
Yugoslavia,Slovenian,Same heritage,Slovenian,56261.9,1980
